TITLE;
DATA TYPE;INFRARED SPECTRUM
ORIGIN;JASCO
OWNER;
DATE;23/06/01
TIME;16:53:05
SPECTROMETER/DATA SYSTEM;
LOCALE;3082
RESOLUTION;
DELTAX;0,964233
XUNITS;1/CM
YUNITS;TRANSMITTANCE
FIRSTX;  399,1927
LASTX; 5000,5148
NPOINTS;    4773
FIRSTY;    49,83858
MAXY;    71,38714
MINY;     1,18533
XYDATA
399,1927;49,8386
400,1569;51,0642
401,1211;52,0124
402,0854;52,4636
403,0496;52,6467
404,0138;52,9584
404,9781;53,6512
405,9423;54,6235
406,9065;55,4711
407,8708;55,8186
408,8350;55,6423
409,7992;55,2733
410,7635;55,0931
411,7277;55,2075
412,6919;55,383
413,6562;55,2827
414,6204;54,7522
415,5846;53,9257
416,5489;53,1685
417,5131;52,9502
418,4773;53,6047
419,4416;54,9818
420,4058;56,473
421,3700;57,6254
422,3343;58,4605
423,2985;59,2014
424,2627;59,9814
425,2270;60,7574
426,1912;61,3646
427,1554;61,6483
428,1197;61,5894
429,0839;61,3368
430,0481;61,1253
431,0124;61,1339
431,9766;61,3755
432,9408;61,6993
433,9051;61,9106
434,8693;61,9136
435,8335;61,7538
436,7978;61,5264
437,7620;61,2549
438,7262;60,8749
439,6905;60,3342
440,6547;59,6937
441,6189;59,1196
442,5832;58,7563
443,5474;58,5915
444,5116;58,4698
445,4759;58,2669
446,4401;58,0305
447,4043;57,9236
448,3686;58,0336
449,3328;58,2402
450,2970;58,2774
451,2613;57,9537
452,2255;57,3378
453,1897;56,7218
454,1540;56,3865
455,1182;56,3869
456,0824;56,5344
457,0467;56,5868
458,0109;56,4901
458,9751;56,4365
459,9394;56,6542
460,9036;57,18
461,8678;57,8671
462,8321;58,5518
463,7963;59,1738
464,7605;59,7645
465,7248;60,3496
466,6890;60,8764
467,6532;61,2408
468,6175;61,3839
469,5817;61,357
470,5459;61,2984
471,5102;61,3422
472,4744;61,5273
473,4386;61,7881
474,4029;62,0348
475,3671;62,2347
476,3313;62,4181
477,2956;62,6309
478,2598;62,8868
479,2240;63,1475
480,1883;63,3363
481,1525;63,3799
482,1167;63,2556
483,0810;63,0107
484,0452;62,729
485,0094;62,4607
485,9737;62,1799
486,9379;61,8233
487,9021;61,3744
488,8664;60,9048
489,8306;60,526
490,7948;60,2846
491,7591;60,1014
492,7233;59,8338
493,6875;59,4199
494,6518;58,9569
495,6160;58,6149
496,5802;58,4681
497,5445;58,4087
498,5087;58,2277
499,4729;57,7907
500,4372;57,1622
501,4014;56,5681
502,3656;56,2172
503,3299;56,141
504,2941;56,2086
505,2583;56,2729
506,2226;56,2738
507,1868;56,2151
508,1510;56,0859
509,1153;55,8465
510,0795;55,498
511,0437;55,1426
512,0080;54,9407
512,9722;54,9914
513,9365;55,2496
514,9007;55,5578
515,8649;55,7668
516,8292;55,8416
517,7934;55,8602
518,7576;55,9114
519,7219;56,0103
520,6861;56,1222
521,6503;56,2362
522,6146;56,3811
523,5788;56,5689
524,5430;56,7434
525,5073;56,8036
526,4715;56,6943
527,4357;56,4584
528,4000;56,1746
529,3642;55,8501
530,3284;55,4078
531,2927;54,7871
532,2569;54,0517
533,2211;53,3775
534,1854;52,9135
535,1496;52,6468
536,1138;52,422
537,0781;52,1041
538,0423;51,7135
539,0065;51,3836
539,9708;51,1836
540,9350;51,0053
541,8992;50,6513
542,8635;50,0476
543,8277;49,357
544,7919;48,8575
545,7562;48,6839
546,7204;48,6888
547,6846;48,5839
548,6489;48,2323
549,6131;47,7913
550,5773;47,5547
551,5416;47,6598
552,5058;47,9565
553,4700;48,1634
554,4343;48,1514
555,3985;48,0674
556,3627;48,1779
557,3270;48,5951
558,2912;49,1667
559,2554;49,6341
560,2197;49,8871
561,1839;50,0567
562,1481;50,3655
563,1124;50,9028
564,0766;51,5517
565,0408;52,1301
566,0051;52,5879
566,9693;53,0574
567,9335;53,7098
568,8978;54,5643
569,8620;55,4465
570,8262;56,1429
571,7905;56,5894
572,7547;56,9127
573,7189;57,3049
574,6832;57,8585
575,6474;58,4955
576,6116;59,0386
577,5759;59,3532
578,5401;59,4368
579,5043;59,3948
580,4686;59,3451
581,4328;59,3365
582,3970;59,3297
583,3613;59,2378
584,3255;58,994
585,2897;58,602
586,2540;58,1368
587,2182;57,6899
588,1824;57,2957
589,1467;56,8959
590,1109;56,3771
591,0751;55,6654
592,0394;54,7993
593,0036;53,9071
593,9678;53,0947
594,9321;52,3521
595,8963;51,573
596,8605;50,6657
597,8248;49,6456
598,7890;48,6216
599,7532;47,6887
600,7175;46,8306
601,6817;45,9371
602,6459;44,9214
603,6102;43,8158
604,5744;42,7476
605,5386;41,8238
606,5029;41,0413
607,4671;40,3084
608,4313;39,5469
609,3956;38,7639
610,3598;38,0169
611,3240;37,3133
612,2883;36,5591
613,2525;35,619
614,2167;34,4402
615,1810;33,1219
616,1452;31,8683
617,1094;30,857
618,0737;30,1341
619,0379;29,6178
620,0021;29,194
620,9664;28,804
621,9306;28,4611
622,8948;28,2115
623,8591;28,0975
624,8233;28,1515
625,7875;28,4093
626,7518;28,914
627,7160;29,7019
628,6802;30,7816
629,6445;32,1201
630,6087;33,6355
631,5729;35,1992
632,5372;36,6595
633,5014;37,8951
634,4656;38,8785
635,4299;39,694
636,3941;40,4785
637,3583;41,3161
638,3226;42,176
639,2868;42,9491
640,2510;43,5541
641,2153;44,0134
642,1795;44,4258
643,1437;44,8624
644,1080;45,2927
645,0722;45,6192
646,0364;45,7892
647,0007;45,8668
647,9649;45,9815
648,9291;46,1968
649,8934;46,4295
650,8576;46,5149
651,8218;46,3615
652,7861;46,0435
653,7503;45,7416
654,7145;45,5887
655,6788;45,5655
656,6430;45,542
657,6072;45,4202
658,5715;45,2371
659,5357;45,1324
660,4999;45,211
661,4642;45,4332
662,4284;45,6428
663,3926;45,6979
664,3569;45,5685
665,3211;45,3519
666,2853;45,2564
667,2496;45,5604
668,2138;46,4394
669,1780;47,7189
670,1423;49,0125
671,1065;50,1286
672,0707;51,1083
673,0350;52,0257
673,9992;52,873
674,9634;53,5603
675,9277;53,9976
676,8919;54,1968
677,8561;54,2891
678,8204;54,418
679,7846;54,6112
680,7488;54,7575
681,7131;54,7196
682,6773;54,4835
683,6415;54,1974
684,6058;54,0458
685,5700;54,069
686,5342;54,1037
687,4985;53,9191
688,4627;53,4392
689,4269;52,8349
690,3912;52,3776
691,3554;52,1875
692,3196;52,1244
693,2839;51,9365
694,2481;51,5217
695,2123;51,0433
696,1766;50,7768
697,1408;50,8294
698,1050;51,013
699,0693;51,0097
700,0335;50,6761
700,9977;50,183
701,9620;49,8506
702,9262;49,8404
703,8904;50,0057
704,8547;50,0475
705,8189;49,8189
706,7831;49,4736
707,7474;49,3078
708,7116;49,461
709,6758;49,7771
710,6401;49,963
711,6043;49,878
712,5685;49,6667
713,5328;49,6074
714,4970;49,8387
715,4612;50,237
716,4255;50,5574
717,3897;50,6833
718,3539;50,7362
719,3182;50,9485
720,2824;51,4317
721,2466;52,0723
722,2109;52,6526
723,1751;53,0564
724,1393;53,3496
725,1036;53,6813
726,0678;54,1354
727,0320;54,6732
727,9963;55,2008
728,9605;55,6669
729,9247;56,0912
730,8890;56,511
731,8532;56,9216
732,8174;57,2742
733,7817;57,5228
734,7459;57,6628
735,7101;57,7306
736,6744;57,7799
737,6386;57,8657
738,6028;58,0359
739,5671;58,3104
740,5313;58,6544
741,4955;58,9825
742,4598;59,2145
743,4240;59,3446
744,3882;59,4519
745,3525;59,6263
746,3167;59,8734
747,2809;60,0984
748,2452;60,1945
749,2094;60,1534
750,1736;60,0821
751,1379;60,1022
752,1021;60,2303
753,0663;60,3642
754,0306;60,3943
754,9948;60,3262
755,9590;60,2887
756,9233;60,414
757,8875;60,7114
758,8517;61,0602
759,8160;61,3238
760,7802;61,4693
761,7444;61,5782
762,7087;61,7499
763,6729;62,0025
764,6371;62,2643
765,6014;62,4491
766,5656;62,5308
767,5298;62,5494
768,4941;62,5615
769,4583;62,5943
770,4225;62,6402
771,3868;62,6735
772,3510;62,6616
773,3152;62,5704
774,2795;62,3817
775,2437;62,1184
776,2079;61,8402
777,1722;61,5918
778,1364;61,3441
779,1006;61,0027
780,0649;60,4962
781,0291;59,8663
781,9933;59,2535
782,9576;58,7716
783,9218;58,3882
784,8860;57,9464
785,8503;57,3249
786,8145;56,5786
787,7787;55,9034
788,7430;55,4397
789,7072;55,1137
790,6714;54,6934
791,6357;54,0241
792,5999;53,2076
793,5641;52,5271
794,5284;52,1767
795,4926;52,0648
796,4568;51,9023
797,4211;51,499
798,3853;50,9672
799,3495;50,6157
800,3138;50,6314
801,2780;50,8738
802,2422;51,001
803,2065;50,8074
804,1707;50,4326
805,1349;50,2245
806,0992;50,396
807,0634;50,8227
808,0276;51,1832
808,9919;51,2938
809,9561;51,2931
810,9203;51,4934
811,8846;52,0569
812,8488;52,8316
813,8130;53,5072
814,7773;53,9257
815,7415;54,2288
816,7057;54,701
817,6700;55,4758
818,6342;56,402
819,5984;57,1949
820,5627;57,7083
821,5269;58,0572
822,4911;58,4803
823,4554;59,093
824,4196;59,7765
825,3839;60,2984
826,3481;60,5327
827,3123;60,5665
828,2766;60,6077
829,2408;60,7973
830,2050;61,1028
831,1693;61,372
832,1335;61,477
833,0977;61,4153
834,0620;61,2945
835,0262;61,2334
835,9904;61,2677
836,9547;61,3321
837,9189;61,3201
838,8831;61,1717
839,8474;60,9231
840,8116;60,6816
841,7758;60,5392
842,7401;60,4906
843,7043;60,4273
844,6685;60,225
845,6328;59,8563
846,5970;59,4282
847,5612;59,0985
848,5255;58,9391
849,4897;58,8735
850,4539;58,7519
851,4182;58,4982
852,3824;58,1836
853,3466;57,9555
854,3109;57,8889
855,2751;57,91
856,2393;57,8687
857,2036;57,6878
858,1678;57,4391
859,1320;57,2692
860,0963;57,2561
861,0605;57,3398
862,0247;57,3932
862,9890;57,3543
863,9532;57,2828
864,9174;57,2917
865,8817;57,43
866,8459;57,6405
867,8101;57,824
868,7744;57,9341
869,7386;58,0043
870,7028;58,0938
871,6671;58,2237
872,6313;58,3689
873,5955;58,4984
874,5598;58,6032
875,5240;58,6826
876,4882;58,7201
877,4525;58,693
878,4167;58,6089
879,3809;58,5148
880,3452;58,4504
881,3094;58,3906
882,2736;58,2513
883,2379;57,9691
884,2021;57,5764
885,1663;57,1817
886,1306;56,861
887,0948;56,5701
888,0590;56,1788
889,0233;55,6028
889,9875;54,9028
890,9517;54,2393
891,9160;53,7219
892,8802;53,3048
893,8444;52,8407
894,8087;52,2416
895,7729;51,5843
896,7371;51,0492
897,7014;50,7517
898,6656;50,637
899,6298;50,5429
900,5941;50,3656
901,5583;50,1592
902,5225;50,0706
903,4868;50,184
904,4510;50,4367
905,4152;50,6919
906,3795;50,8908
907,3437;51,1272
908,3079;51,5671
909,2722;52,292
910,2364;53,2182
911,2007;54,1673
912,1649;55,0194
913,1292;55,8055
914,0934;56,6604
915,0576;57,6851
916,0219;58,8436
916,9861;59,9819
917,9503;60,9474
918,9146;61,7029
919,8788;62,3416
920,8430;62,99
921,8073;63,6802
922,7715;64,3005
923,7357;64,6729
924,7000;64,7008
925,6642;64,4627
926,6284;64,1589
927,5927;63,9437
928,5569;63,7845
929,5211;63,4846
930,4854;62,8661
931,4496;61,9536
932,4138;60,9771
933,3781;60,175
934,3423;59,573
935,3065;58,9575
936,2708;58,0841
937,2350;56,9292
938,1992;55,7334
939,1635;54,7829
940,1277;54,1362
941,0919;53,5706
942,0562;52,8105
943,0204;51,8134
943,9846;50,8234
944,9489;50,1307
945,9131;49,7778
946,8773;49,5124
947,8416;49,0429
948,8058;48,3373
949,7700;47,6596
950,7343;47,3018
951,6985;47,2843
952,6627;47,3327
953,6270;47,1556
954,5912;46,7397
955,5554;46,3606
956,5197;46,2995
957,4839;46,5585
958,4481;46,8647
959,4124;46,9524
960,3766;46,8302
961,3408;46,7598
962,3051;46,978
963,2693;47,4519
964,2335;47,9166
965,1978;48,1473
966,1620;48,1783
967,1262;48,2477
968,0905;48,538
969,0547;48,9896
970,0189;49,3756
970,9832;49,5477
971,9474;49,5894
972,9116;49,7222
973,8759;50,0748
974,8401;50,5606
975,8043;50,9842
976,7686;51,2493
977,7328;51,4462
978,6970;51,7355
979,6613;52,1709
980,6255;52,6549
981,5897;53,064
982,5540;53,3919
983,5182;53,7454
984,4824;54,2048
985,4467;54,7158
986,4109;55,143
987,3751;55,426
988,3394;55,6567
989,3036;55,981
990,2678;56,4301
991,2321;56,8729
992,1963;57,1551
993,1605;57,2766
994,1248;57,41
995,0890;57,7271
996,0532;58,2131
997,0175;58,6727
997,9817;58,9302
998,9459;59,0196
999,9102;59,1608
1000,8744;59,5402
1001,8386;60,1212
1002,8029;60,6824
1003,7671;61,0483
1004,7313;61,2734
1005,6956;61,5898
1006,6598;62,1678
1007,6240;62,9366
1008,5883;63,6481
1009,5525;64,1225
1010,5167;64,426
1011,4810;64,8049
1012,4452;65,4395
1013,4094;66,2637
1014,3737;67,0252
1015,3379;67,524
1016,3021;67,7972
1017,2664;68,0752
1018,2306;68,5569
1019,1948;69,2183
1020,1591;69,8306
1021,1233;70,1645
1022,0875;70,1891
1023,0518;70,0883
1024,0160;70,0856
1024,9802;70,2395
1025,9445;70,3906
1026,9087;70,3057
1027,8729;69,8902
1028,8372;69,2798
1029,8014;68,7312
1030,7656;68,4024
1031,7299;68,2175
1032,6941;67,9371
1033,6583;67,3769
1034,6226;66,5809
1035,5868;65,7867
1036,5510;65,2103
1037,5153;64,8443
1038,4795;64,4642
1039,4437;63,8448
1040,4080;62,9843
1041,3722;62,1217
1042,3364;61,5195
1043,3007;61,2168
1044,2649;60,9932
1045,2291;60,5851
1046,1934;59,9485
1047,1576;59,3106
1048,1218;58,9536
1049,0861;58,9412
1050,0503;59,0556
1051,0145;59,0094
1051,9788;58,7236
1052,9430;58,3986
1053,9072;58,3106
1054,8715;58,5388
1055,8357;58,892
1056,7999;59,1025
1057,7642;59,0886
1058,7284;59,0267
1059,6926;59,1671
1060,6569;59,584
1061,6211;60,1046
1062,5853;60,4802
1063,5496;60,6238
1064,5138;60,6833
1065,4780;60,8885
1066,4423;61,3276
1067,4065;61,8657
1068,3707;62,2721
1069,3350;62,4262
1070,2992;62,4125
1071,2634;62,4298
1072,2277;62,6092
1073,1919;62,9036
1074,1561;63,1354
1075,1204;63,1484
1076,0846;62,9307
1077,0488;62,6128
1078,0131;62,3501
1078,9773;62,1928
1079,9415;62,0469
1080,9058;61,7592
1081,8700;61,2521
1082,8342;60,5965
1083,7985;59,9537
1084,7627;59,4349
1085,7269;59,0018
1086,6912;58,5027
1087,6554;57,8187
1088,6196;56,9839
1089,5839;56,1615
1090,5481;55,492
1091,5123;54,958
1092,4766;54,4025
1093,4408;53,688
1094,4050;52,8409
1095,3693;52,0348
1096,3335;51,4253
1097,2977;51,0019
1098,2620;50,6048
1099,2262;50,0904
1100,1904;49,4748
1101,1547;48,9111
1102,1189;48,5273
1103,0831;48,298
1104,0474;48,0785
1105,0116;47,7586
1105,9758;47,3699
1106,9401;47,0379
1107,9043;46,8404
1108,8685;46,7299
1109,8328;46,5982
1110,7970;46,4027
1111,7612;46,2082
1112,7255;46,101
1113,6897;46,0772
1114,6539;46,0382
1115,6182;45,8984
1116,5824;45,6822
1117,5466;45,4962
1118,5109;45,4069
1119,4751;45,3636
1120,4393;45,2581
1121,4036;45,0537
1122,3678;44,8314
1123,3320;44,6939
1124,2963;44,6319
1125,2605;44,5139
1126,2247;44,2259
1127,1890;43,8127
1128,1532;43,4542
1129,1174;43,2843
1130,0817;43,2396
1131,0459;43,112
1132,0101;42,7631
1132,9744;42,279
1133,9386;41,8922
1134,9028;41,7418
1135,8671;41,7226
1136,8313;41,5915
1137,7955;41,2278
1138,7598;40,774
1139,7240;40,4989
1140,6882;40,5197
1141,6525;40,6752
1142,6167;40,6907
1143,5809;40,4691
1144,5452;40,2018
1145,5094;40,1757
1146,4736;40,4737
1147,4379;40,8815
1148,4021;41,1082
1149,3663;41,0953
1150,3306;41,091
1151,2948;41,4044
1152,2590;42,0897
1153,2233;42,8843
1154,1875;43,4697
1155,1517;43,79
1156,1160;44,1051
1157,0802;44,7252
1158,0444;45,6983
1159,0087;46,7677
1159,9729;47,6384
1160,9371;48,2779
1161,9014;48,9485
1162,8656;49,9411
1163,8298;51,2818
1164,7941;52,7046
1165,7583;53,9125
1166,7225;54,8635
1167,6868;55,8007
1168,6510;57,0032
1169,6152;58,5073
1170,5795;60,0669
1171,5437;61,3821
1172,5079;62,3712
1173,4722;63,2302
1174,4364;64,2329
1175,4006;65,4677
1176,3649;66,7548
1177,3291;67,8124
1178,2933;68,5071
1179,2576;68,9598
1180,2218;69,4205
1181,1860;70,035
1182,1503;70,7153
1183,1145;71,2235
1184,0787;71,3871
1185,0430;71,2513
1186,0072;71,0358
1186,9714;70,9421
1187,9357;70,9817
1188,8999;70,9802
1189,8641;70,75
1190,8284;70,2719
1191,7926;69,7214
1192,7568;69,315
1193,7211;69,1201
1194,6853;69,0037
1195,6495;68,7665
1196,6138;68,335
1197,5780;67,8292
1198,5422;67,4462
1199,5065;67,2739
1200,4707;67,2161
1201,4349;67,0975
1202,3992;66,8375
1203,3634;66,5223
1204,3276;66,3109
1205,2919;66,2762
1206,2561;66,3421
1207,2203;66,3695
1208,1846;66,2944
1209,1488;66,1762
1210,1130;66,12
1211,0773;66,1643
1212,0415;66,251
1213,0057;66,2969
1213,9700;66,2764
1214,9342;66,2281
1215,8984;66,1914
1216,8627;66,1574
1217,8269;66,0888
1218,7911;65,9751
1219,7554;65,8456
1220,7196;65,7237
1221,6838;65,5817
1222,6481;65,3638
1223,6123;65,0582
1224,5765;64,7305
1225,5408;64,4637
1226,5050;64,2613
1227,4692;64,0278
1228,4335;63,6659
1229,3977;63,1945
1230,3619;62,7526
1231,3262;62,4674
1232,2904;62,3163
1233,2546;62,136
1234,2189;61,7867
1235,1831;61,3069
1236,1473;60,8925
1237,1116;60,7077
1238,0758;60,7179
1239,0400;60,72
1240,0043;60,549
1240,9685;60,2502
1241,9327;60,0407
1242,8970;60,0929
1243,8612;60,3607
1244,8254;60,6258
1245,7897;60,7192
1246,7539;60,6928
1247,7181;60,7662
1248,6824;61,1067
1249,6466;61,664
1250,6108;62,2209
1251,5751;62,6049
1252,5393;62,8495
1253,5035;63,1501
1254,4678;63,6654
1255,4320;64,3623
1256,3962;65,0472
1257,3605;65,5411
1258,3247;65,8298
1259,2889;66,0582
1260,2532;66,3881
1261,2174;66,853
1262,1816;67,3318
1263,1459;67,6523
1264,1101;67,7241
1265,0743;67,5962
1266,0386;67,4034
1267,0028;67,2501
1267,9670;67,1209
1268,9313;66,8859
1269,8955;66,4058
1270,8597;65,6604
1271,8240;64,7889
1272,7882;63,9885
1273,7524;63,3441
1274,7167;62,7433
1275,6809;61,9686
1276,6451;60,8998
1277,6094;59,644
1278,5736;58,4587
1279,5378;57,523
1280,5021;56,7673
1281,4663;55,9387
1282,4305;54,8537
1283,3948;53,5907
1284,3590;52,4264
1285,3232;51,572
1286,2875;50,9705
1287,2517;50,3609
1288,2159;49,5548
1289,1802;48,6424
1290,1444;47,9066
1291,1086;47,5275
1292,0729;47,3888
1293,0371;47,1889
1294,0013;46,7459
1294,9656;46,1836
1295,9298;45,8094
1296,8940;45,8019
1297,8583;46,0298
1298,8225;46,1889
1299,7867;46,1163
1300,7510;45,9527
1301,7152;45,9919
1302,6794;46,3759
1303,6437;46,9537
1304,6079;47,4418
1305,5721;47,7166
1306,5364;47,9362
1307,5006;48,3695
1308,4648;49,1164
1309,4291;50,0079
1310,3933;50,779
1311,3575;51,3278
1312,3218;51,8024
1313,2860;52,4355
1314,2502;53,3058
1315,2145;54,2716
1316,1787;55,1292
1317,1429;55,8165
1318,1072;56,4552
1319,0714;57,2046
1320,0356;58,0906
1320,9999;58,9885
1321,9641;59,7616
1322,9283;60,3885
1323,8926;60,9555
1324,8568;61,5467
1325,8210;62,1604
1326,7853;62,7255
1327,7495;63,1856
1328,7137;63,5504
1329,6780;63,8664
1330,6422;64,1531
1331,6064;64,3833
1332,5707;64,5245
1333,5349;64,5869
1334,4991;64,6229
1335,4634;64,6856
1336,4276;64,7972
1337,3918;64,9556
1338,3561;65,1595
1339,3203;65,4079
1340,2845;65,6694
1341,2488;65,8738
1342,2130;65,9621
1343,1772;65,9443
1344,1415;65,9038
1345,1057;65,9415
1346,0699;66,1019
1347,0342;66,3398
1347,9984;66,5579
1348,9626;66,6894
1349,9269;66,7493
1350,8911;66,8065
1351,8553;66,9115
1352,8196;67,0474
1353,7838;67,1444
1354,7480;67,1369
1355,7123;67,0124
1356,6765;66,8099
1357,6407;66,5708
1358,6050;66,2835
1359,5692;65,8662
1360,5334;65,2071
1361,4977;64,2643
1362,4619;63,1652
1363,4261;62,1735
1364,3904;61,4893
1365,3546;61,0768
1366,3188;60,6925
1367,2831;60,0609
1368,2473;59,0575
1369,2115;57,7819
1370,1758;56,4622
1371,1400;55,2539
1372,1042;54,1146
1373,0685;52,8824
1374,0327;51,5064
1374,9969;50,1909
1375,9612;49,2374
1376,9254;48,7192
1377,8896;48,3759
1378,8539;47,8339
1379,8181;46,9241
1380,7823;45,8267
1381,7466;44,9158
1382,7108;44,432
1383,6750;44,2864
1384,6393;44,1613
1385,6035;43,7907
1386,5677;43,1898
1387,5320;42,6157
1388,4962;42,2517
1389,4604;41,9852
1390,4247;41,5611
1391,3889;40,8737
1392,3531;40,0867
1393,3174;39,5303
1394,2816;39,4604
1395,2458;39,8507
1396,2101;40,4445
1397,1743;41,0499
1398,1385;41,7071
1399,1028;42,5194
1400,0670;43,4181
1401,0313;44,1826
1401,9955;44,6708
1402,9597;44,9938
1403,9240;45,4601
1404,8882;46,3129
1405,8524;47,476
1406,8167;48,5971
1407,7809;49,3928
1408,7451;49,9251
1409,7094;50,5324
1410,6736;51,5194
1411,6378;52,8755
1412,6021;54,266
1413,5663;55,3184
1414,5305;55,9258
1415,4948;56,3065
1416,4590;56,8467
1417,4232;57,8515
1418,3875;59,2978
1419,3517;60,8045
1420,3159;61,9906
1421,2802;62,8124
1422,2444;63,467
1423,2086;64,1273
1424,1729;64,8255
1425,1371;65,4922
1426,1013;66,0491
1427,0656;66,4687
1428,0298;66,7693
1428,9940;66,9763
1429,9583;67,1006
1430,9225;67,1548
1431,8867;67,1821
1432,8510;67,259
1433,8152;67,4626
1434,7794;67,813
1435,7437;68,2011
1436,7079;68,3802
1437,6721;68,1424
1438,6364;67,5368
1439,6006;66,8205
1440,5648;66,2404
1441,5291;65,9095
1442,4933;65,8012
1443,4575;65,798
1444,4218;65,773
1445,3860;65,6764
1446,3502;65,5639
1447,3145;65,5344
1448,2787;65,6208
1449,2429;65,7416
1450,2072;65,7752
1451,1714;65,6749
1452,1356;65,5054
1453,0999;65,3946
1454,0641;65,4675
1455,0283;65,7726
1455,9926;66,1558
1456,9568;66,1752
1457,9210;65,4492
1458,8853;64,1852
1459,8495;62,8721
1460,8137;61,7458
1461,7780;60,7789
1462,7422;59,8419
1463,7064;58,8284
1464,6707;57,7724
1465,6349;56,8871
1466,5991;56,3972
1467,5634;56,3289
1468,5276;56,5127
1469,4918;56,7076
1470,4561;56,6786
1471,4203;56,2304
1472,3845;55,2637
1473,3488;53,8493
1474,3130;52,206
1475,2772;50,5706
1476,2415;49,1444
1477,2057;48,1138
1478,1699;47,6038
1479,1342;47,5766
1480,0984;47,7886
1481,0626;47,8951
1482,0269;47,6641
1482,9911;47,1299
1483,9553;46,5401
1484,9196;46,1594
1485,8838;46,1241
1486,8480;46,4417
1487,8123;47,0764
1488,7765;47,9877
1489,7407;49,048
1490,7050;49,9911
1491,6692;50,5686
1492,6334;50,7181
1493,5977;50,5627
1494,5619;50,3323
1495,5261;50,2767
1496,4904;50,5473
1497,4546;51,0718
1498,4188;51,6054
1499,3831;52,004
1500,3473;52,3528
1501,3115;52,8032
1502,2758;53,4033
1503,2400;54,0472
1504,2042;54,4579
1505,1685;54,1587
1506,1327;52,6161
1507,0969;49,9686
1508,0612;47,5383
1509,0254;46,346
1509,9896;46,1069
1510,9539;46,1497
1511,9181;46,0254
1512,8823;45,5063
1513,8466;44,5235
1514,8108;43,1742
1515,7750;41,7156
1516,7393;40,4427
1517,7035;39,4886
1518,6677;38,7225
1519,6320;37,8371
1520,5962;36,556
1521,5604;34,8229
1522,5247;32,8105
1523,4889;30,747
1524,4531;28,792
1525,4174;27,0723
1526,3816;25,7222
1527,3458;24,8096
1528,3101;24,2416
1529,2743;23,7901
1530,2385;23,2208
1531,2028;22,4179
1532,1670;21,4496
1533,1312;20,5304
1534,0955;19,8392
1535,0597;19,3421
1536,0239;18,8446
1536,9882;18,1656
1537,9524;17,2208
1538,9166;16,0395
1539,8809;14,8259
1540,8451;13,9866
1541,8093;13,8075
1542,7736;14,1245
1543,7378;14,6058
1544,7020;15,0306
1545,6663;15,2794
1546,6305;15,3144
1547,5947;15,1994
1548,5590;15,0809
1549,5232;15,1009
1550,4874;15,2863
1551,4517;15,5005
1552,4159;15,5256
1553,3801;15,224
1554,3444;14,6241
1555,3086;13,8734
1556,2728;13,1682
1557,2371;12,7556
1558,2013;12,9107
1559,1655;13,6079
1560,1298;14,3091
1561,0940;14,5925
1562,0582;14,4609
1563,0225;14,0652
1563,9867;13,5516
1564,9509;13,0446
1565,9152;12,6299
1566,8794;12,3206
1567,8436;12,0495
1568,8079;11,7383
1569,7721;11,4052
1570,7363;11,1688
1571,7006;11,1172
1572,6648;11,2219
1573,6290;11,3667
1574,5933;11,4155
1575,5575;11,2792
1576,5217;10,9758
1577,4860;10,6106
1578,4502;10,255
1579,4144;9,90078
1580,3787;9,53247
1581,3429;9,18141
1582,3071;8,90816
1583,2714;8,74232
1584,2356;8,63803
1585,1998;8,50324
1586,1641;8,28563
1587,1283;8,02234
1588,0925;7,80029
1589,0568;7,66928
1590,0210;7,59396
1590,9852;7,49322
1591,9495;7,32614
1592,9137;7,13495
1593,8779;7,00104
1594,8422;6,95917
1595,8064;6,9596
1596,7706;6,92058
1597,7349;6,81319
1598,6991;6,68667
1599,6633;6,61308
1600,6276;6,61215
1601,5918;6,63073
1602,5560;6,59793
1603,5203;6,5019
1604,4845;6,40591
1605,4487;6,38544
1606,4130;6,4543
1607,3772;6,55414
1608,3414;6,61532
1609,3057;6,63064
1610,2699;6,66285
1611,2341;6,77526
1612,1984;6,97009
1613,1626;7,1974
1614,1268;7,4069
1615,0911;7,58982
1616,0553;7,7754
1617,0195;7,97002
1617,9838;8,11358
1618,9480;8,14236
1619,9122;8,07055
1620,8765;7,99169
1621,8407;8,02734
1622,8049;8,25157
1623,7692;8,62182
1624,7334;9,00383
1625,6976;9,30501
1626,6619;9,55712
1627,6261;9,84775
1628,5903;10,1972
1629,5546;10,5177
1630,5188;10,6873
1631,4830;10,647
1632,4473;10,4313
1633,4115;10,147
1634,3757;9,95101
1635,3400;10,0167
1636,3042;10,4292
1637,2684;11,0994
1638,2327;11,8646
1639,1969;12,6065
1640,1611;13,2381
1641,1254;13,6776
1642,0896;13,8697
1643,0538;13,8217
1644,0181;13,6194
1644,9823;13,4094
1645,9465;13,33
1646,9108;13,3923
1647,8750;13,4556
1648,8392;13,3803
1649,8035;13,1269
1650,7677;12,7307
1651,7319;12,3348
1652,6962;12,3343
1653,6604;13,2333
1654,6246;14,8763
1655,5889;16,494
1656,5531;17,6288
1657,5173;18,2384
1658,4816;18,4309
1659,4458;18,3809
1660,4100;18,3326
1661,3743;18,5318
1662,3385;19,0373
1663,3027;19,6207
1664,2670;19,983
1665,2312;20,0377
1666,1954;19,9373
1667,1597;19,9375
1668,1239;20,265
1669,0881;21,0084
1670,0524;22,0603
1671,0166;23,2191
1671,9808;24,3704
1672,9451;25,5215
1673,9093;26,7219
1674,8735;28,0385
1675,8378;29,5873
1676,8020;31,4987
1677,7662;33,8004
1678,7305;36,3684
1679,6947;39,0137
1680,6589;41,6168
1681,6232;44,2605
1682,5874;47,3065
1683,5516;51,1396
1684,5159;55,4071
1685,4801;58,9107
1686,4443;60,8378
1687,4086;61,3754
1688,3728;61,2288
1689,3370;61,0996
1690,3013;61,3785
1691,2655;61,9955
1692,2297;62,4739
1693,1940;62,1815
1694,1582;60,6602
1695,1224;57,8953
1696,0867;54,3525
1697,0509;50,6265
1698,0151;46,8996
1698,9794;42,8745
1699,9436;38,4441
1700,9078;34,1943
1701,8721;30,9076
1702,8363;28,7948
1703,8005;27,4161
1704,7648;26,1231
1705,7290;24,5168
1706,6932;22,668
1707,6575;20,9648
1708,6217;19,6996
1709,5859;18,8191
1710,5502;18,0466
1711,5144;17,1455
1712,4786;16,0723
1713,4429;14,9633
1714,4071;14,0111
1715,3713;13,3146
1716,3356;12,8029
1717,2998;12,3299
1718,2640;11,8655
1719,2283;11,4871
1720,1925;11,2079
1721,1567;10,9486
1722,1210;10,6297
1723,0852;10,2457
1724,0494;9,8713
1725,0137;9,59999
1725,9779;9,45875
1726,9421;9,37747
1727,9064;9,24585
1728,8706;8,99769
1729,8348;8,64524
1730,7991;8,25048
1731,7633;7,87454
1732,7275;7,5496
1733,6918;7,29006
1734,6560;7,11352
1735,6202;7,02384
1736,5845;6,98309
1737,5487;6,92349
1738,5129;6,78331
1739,4772;6,54139
1740,4414;6,23744
1741,4056;5,95234
1742,3699;5,74457
1743,3341;5,60388
1744,2983;5,4755
1745,2626;5,31747
1746,2268;5,12921
1747,1910;4,93856
1748,1553;4,77
1749,1195;4,62344
1750,0837;4,48466
1751,0480;4,35394
1752,0122;4,24833
1752,9764;4,17375
1753,9407;4,10977
1754,9049;4,02354
1755,8691;3,89555
1756,8334;3,73605
1757,7976;3,57685
1758,7618;3,44179
1759,7261;3,3244
1760,6903;3,19841
1761,6545;3,05234
1762,6188;2,90958
1763,5830;2,80742
1764,5472;2,7576
1765,5115;2,73332
1766,4757;2,69065
1767,4399;2,59995
1768,4042;2,4645
1769,3684;2,3169
1770,3326;2,19604
1771,2969;2,12177
1772,2611;2,09086
1773,2253;2,09573
1774,1896;2,13575
1775,1538;2,20548
1776,1180;2,28401
1777,0823;2,34281
1778,0465;2,36387
1779,0107;2,35433
1779,9750;2,34429
1780,9392;2,36222
1781,9034;2,407
1782,8677;2,44917
1783,8319;2,46301
1784,7961;2,45556
1785,7604;2,46165
1786,7246;2,51091
1787,6888;2,60259
1788,6531;2,71204
1789,6173;2,8175
1790,5815;2,92161
1791,5458;3,04725
1792,5100;3,20303
1793,4742;3,35676
1794,4385;3,46624
1795,4027;3,53003
1796,3669;3,59199
1797,3312;3,70751
1798,2954;3,90723
1799,2596;4,17896
1800,2239;4,48236
1801,1881;4,7912
1802,1523;5,11883
1803,1166;5,49182
1804,0808;5,90673
1805,0450;6,32529
1806,0093;6,71097
1806,9735;7,06856
1807,9377;7,45145
1808,9020;7,92648
1809,8662;8,52054
1810,8304;9,19748
1811,7947;9,8955
1812,7589;10,5874
1813,7231;11,2962
1814,6874;12,0575
1815,6516;12,8785
1816,6158;13,7346
1817,5801;14,5982
1818,5443;15,4694
1819,5085;16,3737
1820,4728;17,3343
1821,4370;18,3542
1822,4012;19,4241
1823,3655;20,5376
1824,3297;21,6863
1825,2939;22,8348
1826,2582;23,9184
1827,2224;24,8911
1828,1866;25,7925
1829,1509;26,758
1830,1151;27,9158
1831,0793;29,2394
1832,0436;30,5358
1833,0078;31,6206
1833,9720;32,4878
1834,9363;33,3224
1835,9005;34,3597
1836,8647;35,676
1837,8290;37,0716
1838,7932;38,2014
1839,7574;38,8605
1840,7217;39,1471
1841,6859;39,3923
1842,6501;39,9357
1843,6144;40,8708
1844,5786;41,9563
1845,5428;42,8731
1846,5071;43,5707
1847,4713;44,2348
1848,4355;44,9702
1849,3998;45,6145
1850,3640;45,8439
1851,3282;45,4566
1852,2925;44,5902
1853,2567;43,6502
1854,2209;42,9814
1855,1852;42,577
1856,1494;42,0985
1857,1136;41,1938
1858,0779;39,8292
1859,0421;38,3292
1860,0063;37,0898
1860,9706;36,2333
1861,9348;35,5284
1862,8990;34,6378
1863,8633;33,4276
1864,8275;32,0554
1865,7917;30,8061
1866,7560;29,8486
1867,7202;29,1168
1868,6844;28,4362
1869,6487;27,788
1870,6129;27,3658
1871,5771;27,328
1872,5414;27,5902
1873,5056;27,8818
1874,4698;27,9656
1875,4341;27,8288
1876,3983;27,6994
1877,3625;27,8509
1878,3268;28,3523
1879,2910;29,0145
1880,2552;29,5922
1881,2195;30,0361
1882,1837;30,5482
1883,1479;31,3854
1884,1122;32,6026
1885,0764;33,9944
1886,0406;35,291
1887,0049;36,4184
1887,9691;37,5799
1888,9333;39,0648
1889,8976;40,9333
1890,8618;42,9013
1891,8260;44,5845
1892,7903;45,8507
1893,7545;46,9265
1894,7188;48,1828
1895,6830;49,7906
1896,6472;51,5338
1897,6115;52,967
1898,5757;53,7917
1899,5399;54,0986
1900,5042;54,2658
1901,4684;54,6243
1902,4326;55,1751
1903,3969;55,5912
1904,3611;55,5096
1905,3253;54,8564
1906,2896;53,9169
1907,2538;53,101
1908,2180;52,609
1909,1823;52,281
1910,1465;51,775
1911,1107;50,9239
1912,0750;49,9159
1913,0392;49,1295
1914,0034;48,8131
1914,9677;48,9002
1915,9319;49,0784
1916,8961;49,0542
1917,8604;48,8185
1918,8246;48,659
1919,7888;48,8729
1920,7531;49,4714
1921,7173;50,172
1922,6815;50,6556
1923,6458;50,8423
1924,6100;50,9406
1925,5742;51,2162
1926,5385;51,7031
1927,5027;52,1356
1928,4669;52,1491
1929,4312;51,567
1930,3954;50,54
1931,3596;49,4126
1932,3239;48,4147
1933,2881;47,4519
1934,2523;46,1887
1935,2166;44,3514
1936,1808;41,9809
1937,1450;39,4096
1938,1093;36,9918
1939,0735;34,8348
1940,0377;32,7481
1941,0020;30,4346
1941,9662;27,7742
1942,9304;24,9697
1943,8947;22,4002
1944,8589;20,3091
1945,8231;18,6429
1946,7874;17,1658
1947,7516;15,6891
1948,7158;14,2044
1949,6801;12,8437
1950,6443;11,7314
1951,6085;10,8653
1952,5728;10,1279
1953,5370;9,39858
1954,5012;8,653
1955,4655;7,96194
1956,4297;7,40221
1957,3939;6,9748
1958,3582;6,60746
1959,3224;6,22939
1960,2866;5,83775
1961,2509;5,49203
1962,2151;5,24742
1963,1793;5,09736
1964,1436;4,98024
1965,1078;4,83893
1966,0720;4,67341
1967,0363;4,53556
1968,0005;4,47062
1968,9647;4,46711
1969,9290;4,47041
1970,8932;4,44342
1971,8574;4,408
1972,8217;4,42648
1973,7859;4,54184
1974,7501;4,73351
1975,7144;4,9336
1976,6786;5,09163
1977,6428;5,22506
1978,6071;5,40407
1979,5713;5,68339
1980,5355;6,04661
1981,4998;6,41877
1982,4640;6,73785
1983,4282;7,01674
1984,3925;7,33289
1985,3567;7,75058
1986,3209;8,24664
1987,2852;8,71227
1988,2494;9,03542
1989,2136;9,19344
1990,1779;9,27326
1991,1421;9,39439
1992,1063;9,59478
1993,0706;9,78485
1994,0348;9,82109
1994,9990;9,63032
1995,9633;9,26731
1996,9275;8,86307
1997,8917;8,51827
1998,8560;8,22991
1999,8202;7,90742
2000,7844;7,4627
2001,7487;6,89457
2002,7129;6,29347
2003,6771;5,76813
2004,6414;5,36319
2005,6056;5,03697
2006,5698;4,71128
2007,5341;4,34335
2008,4983;3,95652
2009,4625;3,60871
2010,4268;3,33481
2011,3910;3,1179
2012,3552;2,91137
2013,3195;2,68525
2014,2837;2,45212
2015,2479;2,25268
2016,2122;2,11755
2017,1764;2,0407
2018,1406;1,98714
2019,1049;1,92472
2020,0691;1,84744
2021,0333;1,77048
2021,9976;1,7076
2022,9618;1,6561
2023,9260;1,6024
2024,8903;1,54019
2025,8545;1,48116
2026,8187;1,44662
2027,7830;1,44776
2028,7472;1,474
2029,7114;1,50102
2030,6757;1,51116
2031,6399;1,50741
2032,6041;1,50836
2033,5684;1,52954
2034,5326;1,56947
2035,4968;1,61362
2036,4611;1,65195
2037,4253;1,69197
2038,3895;1,75347
2039,3538;1,84896
2040,3180;1,9688
2041,2822;2,0871
2042,2465;2,18525
2043,2107;2,27138
2044,1749;2,37526
2045,1392;2,52134
2046,1034;2,70443
2047,0676;2,89144
2048,0320;3,04934
2048,9961;3,17465
2049,9604;3,29637
2050,9246;3,44739
2051,8889;3,6293
2052,8530;3,8039
2053,8174;3,92166
2054,7815;3,96335
2055,7458;3,95731
2056,7100;3,95531
2057,6743;3,98683
2058,6384;4,03163
2059,6028;4,03504
2060,5669;3,95296
2061,5313;3,78762
2062,4954;3,58462
2063,4597;3,39608
2064,4238;3,24272
2065,3882;3,10647
2066,3523;2,95713
2067,3167;2,78554
2068,2808;2,61213
2069,2451;2,46549
2070,2092;2,35419
2071,1736;2,25888
2072,1377;2,15087
2073,1021;2,01929
2074,0662;1,88157
2075,0305;1,76812
2075,9946;1,69591
2076,9590;1,65531
2077,9231;1,62053
2078,8875;1,57278
2079,8516;1,51458
2080,8159;1,46365
2081,7800;1,43393
2082,7444;1,42201
2083,7085;1,41073
2084,6729;1,38504
2085,6370;1,34479
2086,6013;1,30369
2087,5654;1,27707
2088,5298;1,27092
2089,4939;1,28156
2090,4583;1,30371
2091,4224;1,33683
2092,3867;1,38234
2093,3508;1,43556
2094,3152;1,48281
2095,2793;1,50978
2096,2437;1,51521
2097,2078;1,51673
2098,1721;1,54089
2099,1362;1,6041
2100,1006;1,70064
2101,0647;1,80935
2102,0291;1,91339
2102,9932;2,015
2103,9575;2,13097
2104,9216;2,27313
2105,8860;2,43348
2106,8501;2,59046
2107,8145;2,73246
2108,7786;2,87588
2109,7429;3,05744
2110,7070;3,30439
2111,6714;3,60931
2112,6355;3,9354
2113,5999;4,25067
2114,5640;4,56027
2115,5283;4,90454
2116,4924;5,32061
2117,4568;5,8022
2118,4209;6,29791
2119,3853;6,75425
2120,3494;7,16564
2121,3137;7,58264
2122,2778;8,06523
2123,2422;8,61959
2124,2063;9,17724
2125,1707;9,64047
2126,1348;9,95748
2127,0991;10,1603
2128,0632;10,3299
2129,0276;10,5176
2129,9917;10,6943
2130,9561;10,7747
2131,9202;10,695
2132,8845;10,4749
2133,8486;10,2064
2134,8130;9,9794
2135,7771;9,81068
2136,7415;9,639
2137,7056;9,38843
2138,6699;9,04085
2139,6340;8,6528
2140,5984;8,30568
2141,5625;8,03887
2142,5269;7,82686
2143,4910;7,61614
2144,4553;7,38181
2145,4194;7,14928
2146,3838;6,96441
2147,3479;6,84559
2148,3123;6,7663
2149,2764;6,68352
2150,2407;6,58126
2151,2048;6,48543
2152,1692;6,43651
2153,1333;6,44884
2154,0977;6,49682
2155,0618;6,54056
2156,0261;6,56415
2156,9902;6,58912
2157,9546;6,65188
2158,9187;6,76958
2159,8831;6,92816
2160,8472;7,10222
2161,8115;7,28391
2162,7756;7,49062
2163,7400;7,74455
2164,7041;8,0466
2165,6685;8,37229
2166,6326;8,6944
2167,5969;9,00954
2168,5610;9,34245
2169,5254;9,72438
2170,4895;10,1676
2171,4539;10,6605
2172,4180;11,1868
2173,3823;11,7461
2174,3464;12,3554
2175,3108;13,0301
2176,2749;13,7648
2177,2393;14,5347
2178,2034;15,3168
2179,1677;16,1092
2180,1318;16,9294
2181,0962;17,7954
2182,0603;18,707
2183,0247;19,6488
2183,9888;20,6061
2184,9531;21,5789
2185,9172;22,5751
2186,8816;23,5933
2187,8457;24,6121
2188,8101;25,6005
2189,7742;26,538
2190,7385;27,4241
2191,7026;28,2659
2192,6670;29,058
2193,6311;29,7767
2194,5955;30,3968
2195,5596;30,9137
2196,5239;31,3452
2197,4880;31,7102
2198,4524;32,0023
2199,4165;32,1887
2200,3809;32,2379
2201,3450;32,1502
2202,3093;31,9605
2203,2734;31,7084
2204,2378;31,4048
2205,2019;31,0298
2206,1663;30,5632
2207,1304;30,0183
2208,0947;29,4406
2209,0588;28,8711
2210,0232;28,3101
2210,9873;27,7197
2211,9517;27,0663
2212,9158;26,3616
2213,8801;25,6613
2214,8442;25,0201
2215,8086;24,4473
2216,7727;23,9066
2217,7371;23,3603
2218,7012;22,8126
2219,6655;22,3079
2220,6296;21,8842
2221,5940;21,5305
2222,5581;21,1926
2223,5225;20,8246
2224,4866;20,4353
2225,4509;20,0824
2226,4150;19,8197
2227,3794;19,6488
2228,3435;19,5233
2229,3079;19,4005
2230,2720;19,2863
2231,2363;19,228
2232,2004;19,2624
2233,1648;19,3726
2234,1289;19,5004
2235,0933;19,6025
2236,0574;19,6957
2237,0217;19,8432
2237,9858;20,0955
2238,9502;20,443
2239,9143;20,8275
2240,8787;21,2016
2241,8428;21,5756
2242,8071;22,0058
2243,7712;22,5348
2244,7356;23,1453
2245,6997;23,7735
2246,6641;24,3708
2247,6282;24,9533
2248,5925;25,5875
2249,5566;26,3254
2250,5210;27,1498
2251,4851;27,9844
2252,4495;28,7597
2253,4136;29,4725
2254,3779;30,1813
2255,3420;30,9398
2256,3064;31,7344
2257,2705;32,4838
2258,2349;33,1062
2259,1990;33,5903
2260,1633;34,0037
2261,1274;34,4286
2262,0918;34,8819
2263,0559;35,2941
2264,0203;35,565
2264,9844;35,6466
2265,9487;35,578
2266,9128;35,4424
2267,8772;35,2899
2268,8413;35,0976
2269,8057;34,8031
2270,7698;34,3764
2271,7341;33,8594
2272,6982;33,3361
2273,6626;32,8619
2274,6267;32,4192
2275,5911;31,9397
2276,5552;31,3716
2277,5195;30,7282
2278,4836;30,0755
2279,4480;29,4748
2280,4121;28,9367
2281,3765;28,4269
2282,3406;27,9126
2283,3049;27,401
2284,2690;26,9331
2285,2334;26,543
2286,1975;26,2241
2287,1619;25,9333
2288,1260;25,6284
2289,0903;25,3009
2290,0544;24,9765
2291,0188;24,6864
2291,9829;24,4419
2292,9473;24,2338
2293,9114;24,0524
2294,8757;23,9024
2295,8398;23,7976
2296,8042;23,7426
2297,7683;23,7217
2298,7327;23,7081
2299,6968;23,6817
2300,6611;23,6399
2301,6252;23,5925
2302,5896;23,5522
2303,5537;23,5306
2304,5181;23,5408
2305,4822;23,5979
2306,4465;23,709
2307,4106;23,8633
2308,3750;24,0336
2309,3391;24,1933
2310,3035;24,3359
2311,2676;24,4768
2312,2319;24,6347
2313,1960;24,8123
2314,1604;24,9954
2315,1245;25,1742
2316,0889;25,3619
2317,0530;25,5904
2318,0173;25,8854
2318,9814;26,2431
2319,9458;26,6312
2320,9099;27,0136
2321,8743;27,3762
2322,8384;27,7264
2323,8027;28,0721
2324,7668;28,4067
2325,7312;28,7221
2326,6953;29,0351
2327,6597;29,3928
2328,6238;29,8441
2329,5881;30,3948
2330,5522;30,9883
2331,5166;31,5388
2332,4807;31,9919
2333,4451;32,3572
2334,4092;32,6822
2335,3735;33
2336,3376;33,3004
2337,3020;33,5482
2338,2661;33,7279
2339,2305;33,8707
2340,1946;34,034
2341,1589;34,2483
2342,1230;34,4811
2343,0874;34,6506
2344,0515;34,6873
2345,0159;34,5916
2345,9800;34,4249
2346,9443;34,2463
2347,9084;34,0687
2348,8728;33,8668
2349,8369;33,6087
2350,8013;33,2818
2351,7654;32,9067
2352,7297;32,5299
2353,6938;32,1925
2354,6582;31,8888
2355,6223;31,5634
2356,5867;31,161
2357,5508;30,678
2358,5151;30,159
2359,4792;29,6508
2360,4436;29,1692
2361,4077;28,7111
2362,3721;28,2881
2363,3362;27,9295
2364,3005;27,6483
2365,2646;27,4141
2366,2290;27,1739
2367,1931;26,9036
2368,1575;26,6339
2369,1216;26,4206
2370,0859;26,2918
2371,0500;26,2256
2372,0144;26,1799
2372,9785;26,1372
2373,9429;26,1184
2374,9070;26,1547
2375,8713;26,2492
2376,8354;26,3706
2377,7998;26,4821
2378,7639;26,5775
2379,7283;26,6881
2380,6924;26,8556
2381,6567;27,0962
2382,6208;27,3884
2383,5852;27,692
2384,5493;27,9804
2385,5137;28,2594
2386,4778;28,5574
2387,4421;28,8978
2388,4063;29,2784
2389,3706;29,6737
2390,3347;30,0587
2391,2991;30,4299
2392,2632;30,8067
2393,2275;31,2109
2394,1917;31,6444
2395,1560;32,085
2396,1201;32,5017
2397,0845;32,8773
2398,0486;33,2181
2399,0129;33,5444
2399,9771;33,8732
2400,9414;34,2061
2401,9055;34,5314
2402,8699;34,8358
2403,8340;35,113
2404,7983;35,3627
2405,7625;35,5838
2406,7268;35,7686
2407,6909;35,9053
2408,6553;35,9862
2409,6194;36,0144
2410,5837;36,0037
2411,5479;35,9714
2412,5122;35,9296
2413,4763;35,8804
2414,4407;35,8168
2415,4048;35,7272
2416,3691;35,6015
2417,3333;35,4345
2418,2976;35,2271
2419,2617;34,9855
2420,2261;34,7165
2421,1902;34,4253
2422,1545;34,114
2423,1187;33,7852
2424,0830;33,4453
2425,0471;33,103
2426,0115;32,7633
2426,9756;32,4207
2427,9399;32,06
2428,9041;31,6678
2429,8684;31,2444
2430,8325;30,8069
2431,7969;30,3768
2432,7610;29,9635
2433,7253;29,5587
2434,6895;29,1476
2435,6538;28,7281
2436,6179;28,3158
2437,5823;27,9307
2438,5464;27,5757
2439,5107;27,2304
2440,4749;26,8683
2441,4392;26,4834
2442,4033;26,0991
2443,3677;25,7504
2444,3318;25,4539
2445,2961;25,1952
2446,2603;24,9456
2447,2246;24,6912
2448,1887;24,4453
2449,1531;24,2317
2450,1172;24,057
2451,0815;23,9002
2452,0457;23,7334
2453,0100;23,5523
2453,9741;23,386
2454,9385;23,2749
2455,9026;23,2365
2456,8669;23,2522
2457,8311;23,2862
2458,7954;23,3174
2459,7595;23,3535
2460,7239;23,4153
2461,6880;23,5097
2462,6523;23,6209
2463,6165;23,7279
2464,5808;23,8302
2465,5449;23,9538
2466,5093;24,1301
2467,4734;24,3674
2468,4377;24,6418
2469,4019;24,9162
2470,3662;25,1689
2471,3303;25,4056
2472,2947;25,6456
2473,2588;25,898
2474,2231;26,1514
2475,1873;26,3864
2476,1516;26,5976
2477,1157;26,8028
2478,0801;27,03
2479,0442;27,2927
2480,0085;27,5753
2480,9727;27,8411
2481,9370;28,056
2482,9011;28,2091
2483,8655;28,3132
2484,8296;28,3892
2485,7939;28,4475
2486,7581;28,4843
2487,7224;28,4928
2488,6865;28,4775
2489,6509;28,4555
2490,6150;28,4424
2491,5793;28,4345
2492,5435;28,4063
2493,5078;28,327
2494,4719;28,1851
2495,4363;27,9977
2496,4004;27,7973
2497,3647;27,6073
2498,3289;27,4267
2499,2932;27,2393
2500,2573;27,0354
2501,2217;26,8249
2502,1858;26,6289
2503,1501;26,4577
2504,1143;26,2981
2505,0786;26,1227
2506,0427;25,9147
2507,0071;25,6844
2507,9712;25,4625
2508,9355;25,278
2509,8997;25,1389
2510,8640;25,0335
2511,8281;24,9451
2512,7925;24,866
2513,7566;24,7975
2514,7209;24,7405
2515,6851;24,6896
2516,6494;24,6372
2517,6135;24,5834
2518,5779;24,5393
2519,5420;24,52
2520,5063;24,5342
2521,4705;24,5804
2522,4348;24,6507
2523,3989;24,7386
2524,3633;24,8399
2525,3274;24,9499
2526,2917;25,0614
2527,2559;25,1672
2528,2202;25,2668
2529,1843;25,3683
2530,1487;25,4848
2531,1128;25,6268
2532,0771;25,7986
2533,0413;25,9981
2534,0056;26,2183
2534,9697;26,4482
2535,9341;26,6745
2536,8982;26,8865
2537,8625;27,0833
2538,8267;27,277
2539,7910;27,4847
2540,7551;27,7168
2541,7195;27,9688
2542,6836;28,2276
2543,6479;28,4854
2544,6121;28,748
2545,5764;29,0273
2546,5405;29,325
2547,5049;29,6237
2548,4690;29,8973
2549,4333;30,1331
2550,3975;30,3456
2551,3618;30,5669
2552,3259;30,8212
2553,2903;31,1047
2554,2544;31,3892
2555,2188;31,6453
2556,1829;31,8631
2557,1472;32,0514
2558,1113;32,2195
2559,0757;32,3602
2560,0398;32,4536
2561,0042;32,4882
2561,9683;32,4786
2562,9326;32,4585
2563,8967;32,4533
2564,8611;32,4561
2565,8252;32,4294
2566,7896;32,3335
2567,7537;32,1569
2568,7180;31,9233
2569,6821;31,6685
2570,6465;31,4093
2571,6106;31,1338
2572,5750;30,8187
2573,5391;30,4571
2574,5034;30,0686
2575,4675;29,6828
2576,4319;29,3107
2577,3960;28,9345
2578,3604;28,524
2579,3245;28,0657
2580,2888;27,5772
2581,2529;27,0936
2582,2173;26,6397
2583,1814;26,2155
2584,1458;25,8053
2585,1099;25,4001
2586,0742;25,0092
2587,0383;24,6485
2588,0027;24,3195
2588,9668;24,0017
2589,9312;23,6675
2590,8953;23,3076
2591,8596;22,9413
2592,8237;22,6033
2593,7881;22,3183
2594,7522;22,0876
2595,7166;21,8961
2596,6807;21,7307
2597,6450;21,5895
2598,6091;21,4745
2599,5735;21,379
2600,5376;21,2848
2601,5020;21,1745
2602,4661;21,0475
2603,4304;20,9234
2604,3945;20,8284
2605,3589;20,7786
2606,3230;20,7726
2607,2874;20,7992
2608,2515;20,8483
2609,2158;20,916
2610,1799;20,9991
2611,1443;21,0892
2612,1084;21,173
2613,0728;21,2402
2614,0369;21,292
2615,0012;21,3411
2615,9653;21,405
2616,9297;21,4975
2617,8938;21,6234
2618,8582;21,7788
2619,8223;21,9539
2620,7866;22,1355
2621,7507;22,3109
2622,7151;22,4707
2623,6792;22,6121
2624,6436;22,7385
2625,6077;22,8568
2626,5720;22,9752
2627,5361;23,1016
2628,5005;23,2431
2629,4646;23,4039
2630,4290;23,5818
2631,3931;23,7658
2632,3574;23,9394
2633,3215;24,0886
2634,2859;24,2084
2635,2500;24,3031
2636,2144;24,381
2637,1785;24,4482
2638,1428;24,5087
2639,1069;24,5681
2640,0713;24,6361
2641,0354;24,7227
2641,9998;24,83
2642,9639;24,9466
2643,9282;25,0518
2644,8923;25,1268
2645,8567;25,165
2646,8208;25,1727
2647,7852;25,1628
2648,7493;25,145
2649,7136;25,1227
2650,6777;25,0954
2651,6421;25,0648
2652,6062;25,0359
2653,5706;25,0131
2654,5347;24,9948
2655,4990;24,9706
2656,4631;24,9259
2657,4275;24,8509
2658,3916;24,7474
2659,3560;24,6281
2660,3201;24,5093
2661,2844;24,4004
2662,2485;24,3004
2663,2129;24,202
2664,1770;24,1
2665,1414;23,9962
2666,1055;23,895
2667,0698;23,7957
2668,0339;23,6889
2668,9983;23,5645
2669,9624;23,4231
2670,9268;23,281
2671,8909;23,161
2672,8552;23,0764
2673,8193;23,0203
2674,7837;22,9721
2675,7478;22,9145
2676,7122;22,8462
2677,6763;22,7794
2678,6406;22,7264
2679,6047;22,6898
2680,5691;22,6658
2681,5332;22,6566
2682,4976;22,6764
2683,4617;22,7423
2684,4260;22,8581
2685,3901;23,0061
2686,3545;23,1578
2687,3186;23,2942
2688,2830;23,4175
2689,2471;23,5445
2690,2114;23,6886
2691,1755;23,848
2692,1399;24,012
2693,1040;24,1761
2694,0684;24,3512
2695,0325;24,5556
2695,9968;24,7978
2696,9609;25,0665
2697,9253;25,3384
2698,8894;25,5955
2699,8538;25,837
2700,8179;26,0754
2701,7822;26,321
2702,7463;26,5716
2703,7107;26,8154
2704,6748;27,0432
2705,6392;27,2575
2706,6033;27,4678
2707,5676;27,6784
2708,5317;27,8795
2709,4961;28,0514
2710,4602;28,179
2711,4246;28,2626
2712,3887;28,3165
2713,3530;28,3575
2714,3171;28,3918
2715,2815;28,4132
2716,2456;28,4109
2717,2100;28,3801
2718,1741;28,3235
2719,1384;28,2448
2720,1025;28,1407
2721,0669;28,0009
2722,0310;27,8171
2722,9954;27,5944
2723,9595;27,3528
2724,9238;27,1186
2725,8879;26,9092
2726,8523;26,7248
2727,8164;26,5514
2728,7808;26,372
2729,7449;26,1763
2730,7092;25,9631
2731,6733;25,7355
2732,6377;25,4964
2733,6018;25,2477
2734,5662;24,9927
2735,5303;24,7379
2736,4946;24,4914
2737,4587;24,2594
2738,4231;24,0429
2739,3872;23,8392
2740,3516;23,6445
2741,3157;23,4563
2742,2800;23,2742
2743,2441;23,0995
2744,2085;22,9338
2745,1726;22,7782
2746,1370;22,632
2747,1011;22,4928
2748,0654;22,3581
2749,0295;22,2285
2749,9939;22,1087
2750,9580;22,0049
2751,9224;21,9196
2752,8865;21,8492
2753,8508;21,7873
2754,8149;21,7316
2755,7793;21,6876
2756,7434;21,6651
2757,7078;21,6685
2758,6719;21,6905
2759,6362;21,7154
2760,6003;21,7296
2761,5647;21,7303
2762,5288;21,7257
2763,4932;21,7266
2764,4573;21,74
2765,4216;21,7698
2766,3857;21,8222
2767,3501;21,9078
2768,3142;22,0343
2769,2786;22,1955
2770,2427;22,3682
2771,2070;22,5241
2772,1711;22,6471
2773,1355;22,7444
2774,0996;22,8403
2775,0640;22,9592
2776,0281;23,1114
2776,9924;23,2928
2777,9565;23,4941
2778,9209;23,7107
2779,8850;23,9409
2780,8494;24,1784
2781,8135;24,4086
2782,7778;24,6138
2783,7419;24,7849
2784,7063;24,9266
2785,6704;25,0518
2786,6348;25,1697
2787,5989;25,2798
2788,5632;25,3781
2789,5273;25,4682
2790,4917;25,5638
2791,4558;25,6785
2792,4202;25,8085
2793,3843;25,9268
2794,3486;25,9951
2795,3127;25,9877
2796,2771;25,9084
2797,2412;25,7867
2798,2056;25,6578
2799,1697;25,5413
2800,1340;25,4352
2801,0981;25,3268
2802,0625;25,2074
2803,0266;25,077
2803,9910;24,9366
2804,9551;24,7771
2805,9194;24,5806
2806,8835;24,3326
2807,8479;24,0365
2808,8120;23,7161
2809,7764;23,4037
2810,7405;23,1224
2811,7048;22,8775
2812,6689;22,6613
2813,6333;22,4639
2814,5974;22,2793
2815,5618;22,1024
2816,5259;21,9234
2817,4902;21,728
2818,4543;21,5067
2819,4187;21,2631
2820,3828;21,0152
2821,3472;20,7854
2822,3113;20,5887
2823,2756;20,4271
2824,2397;20,2933
2825,2041;20,1772
2826,1682;20,0704
2827,1326;19,9655
2828,0967;19,8546
2829,0610;19,7324
2830,0251;19,6007
2830,9895;19,4696
2831,9536;19,353
2832,9180;19,26
2833,8821;19,1885
2834,8464;19,128
2835,8105;19,0676
2836,7749;19,0044
2837,7390;18,9468
2838,7034;18,9107
2839,6675;18,9115
2840,6318;18,9559
2841,5959;19,0362
2842,5603;19,1314
2843,5244;19,2156
2844,4888;19,2698
2845,4529;19,2921
2846,4172;19,2988
2847,3813;19,3152
2848,3457;19,3616
2849,3098;19,443
2850,2742;19,5499
2851,2383;19,6685
2852,2026;19,7887
2853,1667;19,9067
2854,1311;20,0206
2855,0952;20,1263
2856,0596;20,2195
2857,0237;20,3005
2857,9880;20,3772
2858,9521;20,4617
2859,9165;20,5627
2860,8806;20,6808
2861,8450;20,8109
2862,8091;20,9481
2863,7734;21,0926
2864,7375;21,2487
2865,7019;21,4191
2866,6660;21,6006
2867,6304;21,783
2868,5945;21,9521
2869,5588;22,0937
2870,5229;22,1978
2871,4873;22,2632
2872,4514;22,3023
2873,4158;22,3409
2874,3799;22,4111
2875,3442;22,5365
2876,3083;22,7187
2877,2727;22,9349
2878,2368;23,1488
2879,2012;23,3295
2880,1653;23,4647
2881,1296;23,5605
2882,0938;23,63
2883,0581;23,68
2884,0222;23,7072
2884,9866;23,7054
2885,9507;23,6774
2886,9150;23,639
2887,8792;23,6124
2888,8435;23,6125
2889,8076;23,6367
2890,7720;23,6659
2891,7361;23,6763
2892,7004;23,6536
2893,6646;23,5997
2894,6289;23,5305
2895,5930;23,4665
2896,5574;23,4246
2897,5215;23,4125
2898,4858;23,4282
2899,4500;23,4603
2900,4143;23,4903
2901,3784;23,4984
2902,3428;23,4725
2903,3069;23,4168
2904,2712;23,3521
2905,2354;23,3059
2906,1997;23,296
2907,1638;23,3195
2908,1282;23,3566
2909,0923;23,3854
2910,0566;23,3969
2911,0208;23,3987
2911,9851;23,4053
2912,9492;23,425
2913,9136;23,4562
2914,8777;23,4952
2915,8420;23,5476
2916,8062;23,6293
2917,7705;23,7556
2918,7346;23,9266
2919,6990;24,1225
2920,6631;24,3138
2921,6274;24,4774
2922,5916;24,6062
2923,5559;24,7043
2924,5200;24,7745
2925,4844;24,8127
2926,4485;24,8136
2927,4128;24,7828
2928,3770;24,7418
2929,3413;24,7193
2930,3054;24,7342
2931,2698;24,7834
2932,2339;24,844
2933,1982;24,8883
2934,1624;24,8982
2935,1267;24,8708
2936,0908;24,813
2937,0552;24,7331
2938,0193;24,6351
2938,9836;24,5187
2939,9478;24,3808
2940,9121;24,2171
2941,8762;24,0236
2942,8406;23,8006
2943,8047;23,5575
2944,7690;23,3133
2945,7332;23,0906
2946,6975;22,9042
2947,6616;22,7517
2948,6260;22,615
2949,5901;22,4702
2950,5544;22,3004
2951,5186;22,1032
2952,4829;21,8879
2953,4470;21,6679
2954,4114;21,4523
2955,3755;21,2416
2956,3398;21,0294
2957,3040;20,8071
2958,2683;20,5702
2959,2324;20,3224
2960,1968;20,0771
2961,1609;19,8515
2962,1252;19,658
2963,0894;19,4965
2964,0537;19,3537
2965,0178;19,2109
2965,9822;19,0549
2966,9463;18,8831
2967,9106;18,7004
2968,8748;18,5122
2969,8391;18,3198
2970,8032;18,124
2971,7676;17,9305
2972,7317;17,7515
2973,6960;17,5987
2974,6602;17,4749
2975,6245;17,3701
2976,5886;17,2692
2977,5530;17,1633
2978,5171;17,0578
2979,4814;16,9694
2980,4456;16,9173
2981,4099;16,9138
2982,3740;16,9614
2983,3384;17,053
2984,3025;17,1742
2985,2668;17,3027
2986,2310;17,4121
2987,1953;17,4794
2988,1594;17,4963
2989,1238;17,476
2990,0879;17,4479
2991,0522;17,4451
2992,0164;17,4897
2992,9807;17,5873
2993,9448;17,7307
2994,9092;17,9078
2995,8733;18,1069
2996,8376;18,3176
2997,8018;18,5305
2998,7661;18,7383
2999,7302;18,9388
3000,6946;19,1349
3001,6587;19,3315
3002,6230;19,5305
3003,5872;19,7304
3004,5515;19,9288
3005,5156;20,1255
3006,4800;20,3195
3007,4441;20,5043
3008,4084;20,6651
3009,3726;20,7863
3010,3369;20,8628
3011,3010;20,9092
3012,2654;20,9545
3013,2295;21,0257
3014,1938;21,1319
3015,1580;21,261
3016,1223;21,3916
3017,0864;21,5073
3018,0508;21,6032
3019,0149;21,6793
3019,9792;21,7316
3020,9434;21,7498
3021,9077;21,7254
3022,8718;21,6623
3023,8362;21,5785
3024,8003;21,4967
3025,7646;21,429
3026,7288;21,3683
3027,6931;21,2924
3028,6572;21,177
3029,6216;21,0082
3030,5857;20,7891
3031,5500;20,5383
3032,5142;20,2829
3033,4785;20,0494
3034,4426;19,8554
3035,4070;19,7026
3036,3711;19,5759
3037,3354;19,449
3038,2996;19,2942
3039,2639;19,0933
3040,2280;18,8448
3041,1924;18,563
3042,1565;18,2725
3043,1208;17,9996
3044,0850;17,7641
3045,0493;17,5738
3046,0134;17,4224
3046,9778;17,2923
3047,9419;17,1606
3048,9063;17,0079
3049,8704;16,8244
3050,8347;16,6113
3051,7988;16,377
3052,7632;16,1329
3053,7273;15,89
3054,6917;15,6599
3055,6558;15,4539
3056,6201;15,28
3057,5842;15,1377
3058,5486;15,0149
3059,5127;14,8912
3060,4771;14,7466
3061,4412;14,5685
3062,4055;14,3555
3063,3696;14,1146
3064,3340;13,8582
3065,2981;13,6002
3066,2625;13,3546
3067,2266;13,1331
3068,1909;12,9416
3069,1550;12,7764
3070,1194;12,6245
3071,0835;12,468
3072,0479;12,2909
3073,0120;12,0854
3073,9763;11,8527
3074,9404;11,5999
3075,9048;11,3362
3076,8689;11,0698
3077,8333;10,807
3078,7974;10,553
3079,7617;10,3113
3080,7258;10,0826
3081,6902;9,86475
3082,6543;9,65342
3083,6187;9,44403
3084,5828;9,23323
3085,5471;9,01945
3086,5112;8,80265
3087,4756;8,5842
3088,4397;8,36716
3089,4041;8,15645
3090,3682;7,95765
3091,3325;7,77425
3092,2966;7,60435
3093,2610;7,4393
3094,2251;7,2661
3095,1895;7,07347
3096,1536;6,85853
3097,1179;6,62983
3098,0820;6,40429
3099,0464;6,19959
3100,0105;6,02636
3100,9749;5,88425
3101,9390;5,7636
3102,9033;5,65072
3103,8674;5,53324
3104,8318;5,40331
3105,7959;5,25874
3106,7603;5,10352
3107,7244;4,94765
3108,6887;4,80488
3109,6528;4,68713
3110,6172;4,5982
3111,5813;4,53103
3112,5457;4,47146
3113,5098;4,40648
3114,4741;4,33148
3115,4382;4,25177
3116,4026;4,17781
3117,3667;4,11815
3118,3311;4,07547
3119,2952;4,04795
3120,2595;4,03349
3121,2236;4,03229
3122,1880;4,0457
3123,1521;4,07272
3124,1165;4,1077
3125,0806;4,14131
3126,0449;4,16402
3127,0090;4,16995
3127,9734;4,15919
3128,9375;4,13806
3129,9019;4,11764
3130,8660;4,11096
3131,8303;4,12877
3132,7944;4,17515
3133,7588;4,24502
3134,7229;4,32562
3135,6873;4,40226
3136,6514;4,46525
3137,6157;4,51451
3138,5798;4,55916
3139,5442;4,61257
3140,5083;4,68562
3141,4727;4,78196
3142,4368;4,89775
3143,4011;5,02537
3144,3652;5,15816
3145,3296;5,29297
3146,2937;5,42942
3147,2581;5,56728
3148,2222;5,70463
3149,1865;5,83854
3150,1506;5,9679
3151,1150;6,09581
3152,0791;6,22922
3153,0435;6,37545
3154,0076;6,53787
3154,9719;6,71382
3155,9360;6,89606
3156,9004;7,07637
3157,8645;7,24819
3158,8289;7,40689
3159,7930;7,54825
3160,7573;7,66757
3161,7214;7,76079
3162,6858;7,82698
3163,6499;7,86973
3164,6143;7,89582
3165,5784;7,91144
3166,5427;7,91851
3167,5068;7,91351
3168,4712;7,88962
3169,4353;7,84049
3170,3997;7,76307
3171,3638;7,65789
3172,3281;7,52722
3173,2922;7,37297
3174,2566;7,19632
3175,2207;6,9992
3176,1851;6,7865
3177,1492;6,56657
3178,1135;6,349
3179,0776;6,14029
3180,0420;5,94025
3181,0061;5,74191
3181,9705;5,53538
3182,9346;5,31364
3183,8989;5,07681
3184,8630;4,83246
3185,8274;4,59167
3186,7915;4,36344
3187,7559;4,15098
3188,7200;3,95216
3189,6843;3,76325
3190,6484;3,58291
3191,6128;3,41334
3192,5769;3,25793
3193,5413;3,1174
3194,5054;2,98775
3195,4697;2,86211
3196,4338;2,73555
3197,3982;2,60927
3198,3623;2,49064
3199,3267;2,38817
3200,2908;2,30455
3201,2551;2,23323
3202,2192;2,16126
3203,1836;2,07724
3204,1477;1,97889
3205,1121;1,87509
3206,0762;1,78083
3207,0405;1,70821
3208,0046;1,65975
3208,9690;1,62824
3209,9331;1,60268
3210,8975;1,57564
3211,8616;1,54676
3212,8259;1,52042
3213,7900;1,50026
3214,7544;1,48503
3215,7185;1,46888
3216,6829;1,44535
3217,6470;1,41184
3218,6113;1,37128
3219,5754;1,33023
3220,5398;1,2952
3221,5039;1,26983
3222,4683;1,25444
3223,4324;1,2475
3224,3967;1,24734
3225,3608;1,25258
3226,3252;1,26128
3227,2893;1,27004
3228,2537;1,27423
3229,2178;1,2697
3230,1821;1,25497
3231,1462;1,23255
3232,1106;1,2086
3233,0747;1,19076
3234,0391;1,18533
3235,0032;1,19511
3235,9675;1,21885
3236,9316;1,25226
3237,8960;1,28996
3238,8601;1,32683
3239,8245;1,35859
3240,7886;1,38149
3241,7529;1,39225
3242,7170;1,38896
3243,6814;1,37307
3244,6455;1,35114
3245,6099;1,33456
3246,5740;1,33602
3247,5383;1,36384
3248,5024;1,41712
3249,4668;1,485
3250,4309;1,55082
3251,3953;1,59924
3252,3594;1,62294
3253,3237;1,6257
3254,2878;1,6207
3255,2522;1,62487
3256,2163;1,65216
3257,1807;1,70864
3258,1448;1,79108
3259,1091;1,88904
3260,0732;1,98907
3261,0376;2,07963
3262,0017;2,15493
3262,9661;2,21604
3263,9302;2,26868
3264,8945;2,31899
3265,8586;2,37008
3266,8230;2,42208
3267,7871;2,47562
3268,7515;2,53582
3269,7156;2,61286
3270,6799;2,71772
3271,6440;2,85573
3272,6084;3,02279
3273,5725;3,20757
3274,5369;3,39849
3275,5010;3,59007
3276,4653;3,78397
3277,4294;3,98491
3278,3938;4,1956
3279,3579;4,41534
3280,3223;4,64292
3281,2864;4,87984
3282,2507;5,13002
3283,2148;5,39549
3284,1792;5,67193
3285,1433;5,94883
3286,1077;6,21499
3287,0718;6,46537
3288,0361;6,7036
3289,0002;6,93826
3289,9646;7,17597
3290,9287;7,41678
3291,8931;7,65499
3292,8572;7,88389
3293,8215;8,1
3294,7856;8,30363
3295,7500;8,49618
3296,7141;8,67739
3297,6785;8,84451
3298,6426;8,99312
3299,6069;9,1178
3300,5710;9,212
3301,5354;9,2686
3302,4995;9,28227
3303,4639;9,25329
3304,4280;9,18976
3305,3923;9,106
3306,3564;9,01723
3307,3208;8,934
3308,2849;8,85978
3309,2493;8,7928
3310,2134;8,72999
3311,1777;8,66946
3312,1418;8,61042
3313,1062;8,55142
3314,0703;8,48913
3315,0347;8,41874
3315,9988;8,3354
3316,9631;8,23587
3317,9272;8,1195
3318,8916;7,98846
3319,8557;7,84727
3320,8201;7,70185
3321,7842;7,55854
3322,7485;7,42406
3323,7126;7,30645
3324,6770;7,21555
3325,6411;7,16108
3326,6055;7,1477
3327,5696;7,17
3328,5339;7,21162
3329,4980;7,25087
3330,4624;7,2698
3331,4265;7,26132
3332,3909;7,22996
3333,3550;7,18728
3334,3193;7,14625
3335,2834;7,11861
3336,2478;7,11491
3337,2119;7,1438
3338,1763;7,20834
3339,1404;7,30226
3340,1047;7,41137
3341,0688;7,52186
3342,0332;7,63031
3342,9973;7,74689
3343,9617;7,88758
3344,9258;8,06048
3345,8901;8,25741
3346,8542;8,45869
3347,8186;8,64806
3348,7827;8,82611
3349,7471;9,0116
3350,7112;9,22958
3351,6755;9,49508
3352,6396;9,80429
3353,6040;10,1377
3354,5681;10,4706
3355,5325;10,7834
3356,4966;11,0657
3357,4609;11,3176
3358,4250;11,5494
3359,3894;11,7797
3360,3535;12,0286
3361,3179;12,306
3362,2820;12,6006
3363,2463;12,8782
3364,2104;13,0955
3365,1748;13,222
3366,1389;13,2577
3367,1033;13,2353
3368,0674;13,2048
3369,0317;13,2098
3369,9958;13,2701
3370,9602;13,3769
3371,9243;13,5008
3372,8887;13,6041
3373,8528;13,6507
3374,8171;13,6146
3375,7813;13,4851
3376,7456;13,2706
3377,7097;12,9958
3378,6741;12,6931
3379,6382;12,39
3380,6025;12,1005
3381,5667;11,8241
3382,5310;11,5531
3383,4951;11,2799
3384,4595;10,9998
3385,4236;10,7079
3386,3879;10,3951
3387,3521;10,0499
3388,3164;9,66518
3389,2805;9,24802
3390,2449;8,82342
3391,2090;8,42883
3392,1733;8,09948
3393,1375;7,8515
3394,1018;7,67288
3395,0659;7,52832
3396,0303;7,37511
3396,9944;7,18134
3397,9587;6,93864
3398,9229;6,66522
3399,8872;6,39801
3400,8513;6,17679
3401,8157;6,02659
3402,7798;5,9469
3403,7441;5,91329
3404,7083;5,89048
3405,6726;5,84915
3406,6367;5,77712
3407,6011;5,67963
3408,5652;5,57065
3409,5295;5,46223
3410,4937;5,3589
3411,4580;5,25982
3412,4221;5,16518
3413,3865;5,0807
3414,3506;5,01638
3415,3149;4,98073
3416,2791;4,97535
3417,2434;4,99378
3418,2075;5,02485
3419,1719;5,05757
3420,1360;5,08429
3421,1003;5,10109
3422,0645;5,10599
3423,0288;5,09727
3423,9929;5,07367
3424,9573;5,03647
3425,9214;4,99194
3426,8857;4,95189
3427,8499;4,93099
3428,8142;4,94126
3429,7783;4,98639
3430,7427;5,05947
3431,7068;5,14625
3432,6711;5,23239
3433,6353;5,31041
3434,5996;5,38287
3435,5637;5,46055
3436,5281;5,55708
3437,4922;5,68317
3438,4565;5,84278
3439,4207;6,03231
3440,3850;6,24207
3441,3491;6,45938
3442,3135;6,67244
3443,2776;6,87391
3444,2419;7,06298
3445,2061;7,24511
3446,1704;7,42965
3447,1345;7,62636
3448,0989;7,84216
3449,0630;8,07984
3450,0273;8,33886
3450,9915;8,61687
3451,9558;8,91043
3452,9199;9,21476
3453,8843;9,52335
3454,8484;9,82865
3455,8127;10,1237
3456,7769;10,4039
3457,7412;10,6684
3458,7053;10,9205
3459,6697;11,1667
3460,6338;11,4149
3461,5981;11,6702
3462,5623;11,9322
3463,5266;12,1941
3464,4907;12,446
3465,4551;12,6803
3466,4192;12,8947
3467,3835;13,0923
3468,3477;13,2777
3469,3120;13,4531
3470,2761;13,6159
3471,2405;13,7612
3472,2046;13,8847
3473,1689;13,985
3474,1331;14,0635
3475,0974;14,1224
3476,0615;14,1629
3477,0259;14,1844
3477,9900;14,1862
3478,9543;14,1687
3479,9185;14,1347
3480,8828;14,0889
3481,8469;14,036
3482,8113;13,9776
3483,7754;13,9121
3484,7397;13,8369
3485,7039;13,7515
3486,6682;13,6597
3487,6323;13,5683
3488,5967;13,4824
3489,5608;13,4019
3490,5251;13,3212
3491,4893;13,2332
3492,4536;13,1343
3493,4177;13,0275
3494,3821;12,9202
3495,3462;12,8201
3496,3105;12,7311
3497,2747;12,6519
3498,2390;12,578
3499,2031;12,505
3500,1675;12,4301
3501,1316;12,3536
3502,0959;12,278
3503,0601;12,209
3504,0244;12,1533
3504,9885;12,1161
3505,9529;12,098
3506,9170;12,0947
3507,8813;12,0987
3508,8455;12,1031
3509,8098;12,1046
3510,7739;12,1055
3511,7383;12,1114
3512,7024;12,1274
3513,6667;12,1551
3514,6309;12,1926
3515,5952;12,2366
3516,5593;12,2842
3517,5237;12,3334
3518,4878;12,3822
3519,4521;12,4284
3520,4163;12,4702
3521,3806;12,5069
3522,3447;12,5392
3523,3091;12,5687
3524,2732;12,596
3525,2375;12,6199
3526,2017;12,6391
3527,1660;12,6541
3528,1301;12,6677
3529,0945;12,6835
3530,0586;12,7024
3531,0229;12,7207
3531,9871;12,7313
3532,9514;12,7263
3533,9155;12,7
3534,8799;12,65
3535,8440;12,5784
3536,8083;12,4907
3537,7725;12,3951
3538,7368;12,2998
3539,7009;12,2102
3540,6653;12,1274
3541,6294;12,0475
3542,5938;11,9626
3543,5579;11,8635
3544,5222;11,7448
3545,4863;11,6092
3546,4507;11,467
3547,4148;11,3292
3548,3792;11,2004
3549,3433;11,0782
3550,3076;10,9587
3551,2717;10,8417
3552,2361;10,7313
3553,2002;10,633
3554,1646;10,5472
3555,1287;10,4682
3556,0930;10,3872
3557,0571;10,2985
3558,0215;10,2025
3558,9856;10,1056
3559,9500;10,0173
3560,9141;9,94474
3561,8784;9,88984
3562,8425;9,84958
3563,8069;9,8189
3564,7710;9,79331
3565,7354;9,77084
3566,6995;9,7535
3567,6638;9,74679
3568,6279;9,75568
3569,5923;9,78077
3570,5564;9,81881
3571,5208;9,86537
3572,4849;9,91635
3573,4492;9,96815
3574,4133;10,0178
3575,3777;10,0635
3576,3418;10,1057
3577,3062;10,1481
3578,2703;10,1971
3579,2346;10,2596
3580,1987;10,3392
3581,1631;10,4333
3582,1272;10,5337
3583,0916;10,6306
3584,0557;10,718
3585,0200;10,7975
3585,9841;10,8783
3586,9485;10,9731
3587,9126;11,0874
3588,8770;11,2134
3589,8411;11,3379
3590,8054;11,4544
3591,7695;11,5655
3592,7339;11,6773
3593,6980;11,7941
3594,6624;11,9138
3595,6265;12,0304
3596,5908;12,141
3597,5549;12,2517
3598,5193;12,3757
3599,4834;12,5232
3600,4478;12,692
3601,4119;12,8642
3602,3762;13,0163
3603,3403;13,134
3604,3047;13,2184
3605,2688;13,2821
3606,2332;13,3409
3607,1973;13,406
3608,1616;13,4783
3609,1257;13,5504
3610,0901;13,6136
3611,0542;13,666
3612,0186;13,7106
3612,9827;13,7496
3613,9470;13,7795
3614,9111;13,7928
3615,8755;13,7837
3616,8396;13,753
3617,8040;13,7089
3618,7681;13,663
3619,7324;13,6221
3620,6965;13,5823
3621,6609;13,5344
3622,6250;13,4727
3623,5894;13,398
3624,5535;13,3136
3625,5178;13,2205
3626,4819;13,1145
3627,4463;12,9898
3628,4104;12,8486
3629,3748;12,7112
3630,3389;12,6013
3631,3032;12,5222
3632,2673;12,4593
3633,2317;12,3958
3634,1958;12,3226
3635,1602;12,2402
3636,1243;12,1562
3637,0886;12,08
3638,0527;12,0167
3639,0171;11,9659
3639,9812;11,9257
3640,9456;11,8958
3641,9097;11,8792
3642,8740;11,8797
3643,8381;11,8989
3644,8025;11,9357
3645,7666;11,9865
3646,7310;12,0442
3647,6951;12,0945
3648,6594;12,1176
3649,6235;12,1072
3650,5879;12,087
3651,5520;12,0885
3652,5164;12,1258
3653,4805;12,1971
3654,4448;12,2915
3655,4089;12,3904
3656,3733;12,4709
3657,3374;12,5183
3658,3018;12,5404
3659,2659;12,5637
3660,2302;12,6144
3661,1943;12,7041
3662,1587;12,8261
3663,1228;12,9606
3664,0872;13,0882
3665,0513;13,2041
3666,0156;13,3219
3666,9797;13,4639
3667,9441;13,6443
3668,9082;13,847
3669,8726;14,0201
3670,8367;14,1137
3671,8010;14,1249
3672,7651;14,0918
3673,7295;14,0589
3674,6936;14,0552
3675,6580;14,0861
3676,6221;14,1328
3677,5864;14,1714
3678,5505;14,1925
3679,5149;14,1988
3680,4790;14,1922
3681,4434;14,1697
3682,4075;14,1272
3683,3718;14,064
3684,3359;13,9849
3685,3003;13,8993
3686,2644;13,8196
3687,2288;13,7629
3688,1929;13,7513
3689,1572;13,7983
3690,1213;13,8858
3691,0857;13,9677
3692,0498;14,0049
3693,0142;13,9851
3693,9783;13,916
3694,9426;13,8144
3695,9067;13,7012
3696,8711;13,5951
3697,8352;13,5089
3698,7996;13,4459
3699,7637;13,4008
3700,7280;13,3627
3701,6921;13,3185
3702,6565;13,2581
3703,6206;13,1785
3704,5850;13,0841
3705,5491;12,9835
3706,5134;12,8855
3707,4775;12,7974
3708,4419;12,7228
3709,4060;12,6582
3710,3704;12,5903
3711,3345;12,5011
3712,2988;12,3832
3713,2629;12,2459
3714,2273;12,1028
3715,1914;11,9606
3716,1558;11,82
3717,1199;11,6823
3718,0842;11,5541
3719,0483;11,4492
3720,0127;11,3834
3720,9768;11,3662
3721,9412;11,3947
3722,9053;11,455
3723,8696;11,5273
3724,8337;11,5917
3725,7981;11,6315
3726,7622;11,6373
3727,7266;11,6103
3728,6907;11,5606
3729,6550;11,5045
3730,6191;11,4611
3731,5835;11,4497
3732,5476;11,4845
3733,5120;11,5646
3734,4761;11,6649
3735,4404;11,7435
3736,4045;11,7752
3737,3689;11,7717
3738,3330;11,7633
3739,2974;11,7741
3740,2615;11,8178
3741,2258;11,9025
3742,1899;12,0327
3743,1543;12,2004
3744,1184;12,3728
3745,0828;12,5022
3746,0469;12,5706
3747,0112;12,6036
3747,9753;12,6351
3748,9397;12,6737
3749,9038;12,6883
3750,8682;12,6217
3751,8323;12,4482
3752,7966;12,219
3753,7607;12,0111
3754,7251;11,8649
3755,6892;11,7823
3756,6536;11,747
3757,6177;11,7356
3758,5820;11,7242
3759,5461;11,6967
3760,5105;11,6505
3761,4746;11,5917
3762,4390;11,5247
3763,4031;11,4487
3764,3674;11,3618
3765,3315;11,266
3766,2959;11,1706
3767,2600;11,0892
3768,2244;11,0343
3769,1885;11,012
3770,1528;11,0201
3771,1169;11,0492
3772,0813;11,0848
3773,0454;11,1125
3774,0098;11,1215
3774,9739;11,1074
3775,9382;11,0731
3776,9023;11,0305
3777,8667;10,9989
3778,8308;10,9971
3779,7952;11,0307
3780,7593;11,0877
3781,7236;11,1497
3782,6877;11,2043
3783,6521;11,2479
3784,6162;11,2802
3785,5806;11,2973
3786,5447;11,2897
3787,5090;11,2492
3788,4731;11,1765
3789,4375;11,0858
3790,4016;10,9986
3791,3660;10,9345
3792,3301;10,9021
3793,2944;10,8969
3794,2585;10,906
3795,2229;10,9168
3796,1870;10,9252
3797,1514;10,9369
3798,1155;10,9576
3799,0798;10,9816
3800,0439;10,9848
3801,0083;10,9346
3801,9724;10,8161
3802,9368;10,6517
3803,9009;10,4829
3804,8652;10,3387
3805,8293;10,2236
3806,7937;10,1253
3807,7578;10,0287
3808,7222;9,92972
3809,6863;9,83809
3810,6506;9,76865
3811,6147;9,73214
3812,5791;9,73236
3813,5432;9,76388
3814,5076;9,80866
3815,4717;9,83986
3816,4360;9,84109
3817,4001;9,82485
3818,3645;9,82555
3819,3286;9,87394
3820,2930;9,97248
3821,2571;10,0841
3822,2214;10,1527
3823,1855;10,1475
3824,1499;10,0793
3825,1140;9,97926
3826,0784;9,87646
3827,0425;9,79104
3828,0068;9,73407
3828,9709;9,70723
3829,9353;9,70208
3830,8994;9,70226
3831,8638;9,68941
3832,8279;9,65128
3833,7922;9,58763
3834,7563;9,5099
3835,7207;9,43332
3836,6848;9,36461
3837,6492;9,29209
3838,6133;9,18839
3839,5776;9,03004
3840,5417;8,81645
3841,5061;8,56776
3842,4702;8,30913
3843,4346;8,0603
3844,3987;7,83403
3845,3630;7,63832
3846,3271;7,47897
3847,2915;7,36182
3848,2556;7,29453
3849,2200;7,28709
3850,1841;7,3485
3851,1484;7,47338
3852,1125;7,61056
3853,0769;7,63925
3854,0410;7,45285
3855,0054;7,10609
3855,9695;6,74977
3856,9338;6,47304
3857,8979;6,29084
3858,8623;6,19091
3859,8264;6,15789
3860,7908;6,17601
3861,7549;6,22405
3862,7192;6,27313
3863,6833;6,29635
3864,6477;6,28644
3865,6118;6,26114
3866,5762;6,24902
3867,5403;6,27206
3868,5046;6,33631
3869,4688;6,42957
3870,4331;6,52576
3871,3972;6,59807
3872,3616;6,63415
3873,3257;6,63966
3874,2900;6,62952
3875,2542;6,61864
3876,2185;6,61901
3877,1826;6,64007
3878,1470;6,68734
3879,1111;6,75754
3880,0754;6,83393
3881,0396;6,88979
3882,0039;6,90249
3882,9680;6,86654
3883,9324;6,79453
3884,8965;6,70903
3885,8608;6,63254
3886,8250;6,57875
3887,7893;6,54881
3888,7534;6,5344
3889,7178;6,52243
3890,6819;6,49752
3891,6462;6,44548
3892,6104;6,36094
3893,5747;6,252
3894,5388;6,13295
3895,5032;6,01355
3896,4673;5,89628
3897,4316;5,7803
3898,3958;5,6662
3899,3601;5,55803
3900,3242;5,46048
3901,2886;5,373
3902,2527;5,2873
3903,2170;5,1923
3904,1812;5,08298
3905,1455;4,96463
3906,1096;4,84816
3907,0740;4,74211
3908,0381;4,64937
3909,0024;4,56923
3909,9666;4,50068
3910,9309;4,44454
3911,8950;4,40354
3912,8594;4,38074
3913,8235;4,37727
3914,7878;4,39073
3915,7520;4,41477
3916,7163;4,44046
3917,6804;4,46001
3918,6448;4,47137
3919,6089;4,47996
3920,5732;4,49576
3921,5374;4,52897
3922,5017;4,58686
3923,4658;4,67095
3924,4302;4,7743
3925,3943;4,88222
3926,3586;4,97926
3927,3228;5,05802
3928,2871;5,1227
3929,2512;5,18645
3930,2156;5,26544
3931,1797;5,37148
3932,1440;5,50543
3933,1082;5,6568
3934,0725;5,81147
3935,0366;5,96049
3936,0010;6,1019
3936,9651;6,23662
3937,9294;6,364
3938,8936;6,48001
3939,8579;6,57849
3940,8220;6,6539
3941,7864;6,70431
3942,7505;6,73311
3943,7148;6,74805
3944,6790;6,75799
3945,6433;6,76952
3946,6074;6,78565
3947,5718;6,8061
3948,5359;6,82799
3949,5002;6,84648
3950,4644;6,8559
3951,4287;6,8513
3952,3928;6,82968
3953,3572;6,79042
3954,3213;6,73547
3955,2856;6,66911
3956,2498;6,59724
3957,2141;6,52567
3958,1782;6,4585
3959,1426;6,39756
3960,1067;6,34316
3961,0710;6,29499
3962,0352;6,25249
3962,9995;6,21454
3963,9636;6,17931
3964,9280;6,14503
3965,8921;6,11105
3966,8564;6,07853
3967,8206;6,05048
3968,7849;6,03118
3969,7490;6,0254
3970,7134;6,03742
3971,6775;6,0696
3972,6418;6,12035
3973,6060;6,18273
3974,5703;6,2452
3975,5344;6,29577
3976,4988;6,32804
3977,4629;6,34532
3978,4272;6,35964
3979,3914;6,38599
3980,3557;6,43523
3981,3198;6,50975
3982,2842;6,60387
3983,2483;6,70832
3984,2126;6,81561
3985,1768;6,92263
3986,1411;7,02952
3987,1052;7,13642
3988,0696;7,24123
3989,0337;7,33988
3989,9980;7,42884
3990,9622;7,5079
3991,9265;7,58137
3992,8906;7,65658
3993,8550;7,7406
3994,8191;7,83667
3995,7834;7,94203
3996,7476;8,04823
3997,7119;8,14382
3998,6760;8,21828
3999,6404;8,26543
4000,6045;8,28514
4001,5688;8,283
4002,5330;8,2682
4003,4973;8,25031
4004,4614;8,2361
4005,4258;8,22744
4006,3899;8,22099
4007,3542;8,20997
4008,3184;8,18758
4009,2827;8,15035
4010,2468;8,09968
4011,2112;8,04044
4012,1753;7,97747
4013,1396;7,91258
4014,1038;7,84381
4015,0681;7,76752
4016,0322;7,68145
4016,9966;7,58652
4017,9607;7,48619
4018,9250;7,38421
4019,8892;7,28269
4020,8535;7,18215
4021,8176;7,08317
4022,7820;6,98788
4023,7461;6,89973
4024,7104;6,82179
4025,6746;6,75501
4026,6389;6,698
4027,6030;6,6487
4028,5674;6,6061
4029,5315;6,57053
4030,4958;6,54215
4031,4600;6,51938
4032,4243;6,49899
4033,3884;6,47847
4034,3528;6,45879
4035,3169;6,44511
4036,2813;6,44412
4037,2454;6,45973
4038,2097;6,49005
4039,1738;6,52847
4040,1382;6,56832
4041,1023;6,60793
4042,0667;6,65236
4043,0308;6,71015
4043,9951;6,78705
4044,9592;6,881
4045,9236;6,98211
4046,8877;7,07808
4047,8521;7,16121
4048,8162;7,23242
4049,7805;7,29981
4050,7446;7,37338
4051,7090;7,45927
4052,6731;7,55667
4053,6375;7,65887
4054,6016;7,757
4055,5659;7,84435
4056,5300;7,91884
4057,4944;7,98321
4058,4585;8,04293
4059,4229;8,10311
4060,3870;8,1656
4061,3513;8,22797
4062,3154;8,28498
4063,2798;8,33202
4064,2439;8,36833
4065,2083;8,39752
4066,1724;8,42479
4067,1367;8,45261
4068,1008;8,47799
4069,0652;8,49362
4070,0293;8,49222
4070,9937;8,47112
4071,9578;8,43376
4072,9221;8,38745
4073,8862;8,33916
4074,8506;8,29242
4075,8147;8,24692
4076,7791;8,20031
4077,7432;8,15024
4078,7075;8,09544
4079,6716;8,036
4080,6360;7,97356
4081,6001;7,91151
4082,5645;7,85441
4083,5286;7,80598
4084,4929;7,76659
4085,4570;7,73224
4086,4214;7,69641
4087,3855;7,65423
4088,3499;7,60628
4089,3140;7,5588
4090,2783;7,51984
4091,2424;7,49379
4092,2068;7,47844
4093,1709;7,46644
4094,1353;7,45032
4095,0994;7,42721
4096,0640;7,40029
4097,0278;7,37617
4097,9922;7,36037
4098,9565;7,3543
4099,9209;7,35538
4100,8848;7,35983
4101,8491;7,36579
4102,8135;7,37471
4103,7778;7,39025
4104,7417;7,41593
4105,7061;7,45284
4106,6704;7,49885
4107,6348;7,54953
4108,5986;7,60001
4109,5630;7,6469
4110,5273;7,68931
4111,4917;7,72892
4112,4556;7,76907
4113,4199;7,81319
4114,3843;7,86323
4115,3486;7,91869
4116,3125;7,97684
4117,2769;8,03425
4118,2412;8,08884
4119,2056;8,14111
4120,1694;8,19361
4121,1338;8,24843
4122,0981;8,3044
4123,0625;8,35604
4124,0264;8,39572
4124,9907;8,41825
4125,9551;8,42522
4126,9194;8,42576
4127,8833;8,43258
4128,8477;8,45508
4129,8120;8,49371
4130,7764;8,53921
4131,7402;8,57742
4132,7046;8,59679
4133,6689;8,5941
4134,6333;8,57525
4135,5972;8,55087
4136,5615;8,52994
4137,5259;8,51506
4138,4902;8,50184
4139,4541;8,48227
4140,4185;8,44974
4141,3828;8,40316
4142,3472;8,34768
4143,3110;8,29198
4144,2754;8,24335
4145,2397;8,20364
4146,2041;8,16857
4147,1680;8,13089
4148,1323;8,08562
4149,0967;8,03342
4150,0610;7,97993
4151,0249;7,93129
4151,9893;7,88962
4152,9536;7,85186
4153,9180;7,81285
4154,8818;7,76987
4155,8462;7,72458
4156,8105;7,68099
4157,7749;7,64151
4158,7388;7,60514
4159,7031;7,56974
4160,6675;7,5362
4161,6318;7,51051
4162,5957;7,50092
4163,5601;7,51209
4164,5244;7,54076
4165,4888;7,57671
4166,4526;7,60844
4167,4170;7,6294
4168,3813;7,64039
4169,3457;7,64714
4170,3096;7,65582
4171,2739;7,67006
4172,2383;7,69113
4173,2026;7,7196
4174,1665;7,75602
4175,1309;7,79991
4176,0952;7,84836
4177,0596;7,89625
4178,0234;7,93875
4178,9878;7,97406
4179,9521;8,0044
4180,9165;8,03434
4181,8804;8,06776
4182,8447;8,10577
4183,8091;8,1468
4184,7734;8,18819
4185,7373;8,22793
4186,7017;8,26529
4187,6660;8,30049
4188,6304;8,33397
4189,5942;8,36576
4190,5586;8,39493
4191,5229;8,41926
4192,4873;8,43572
4193,4512;8,44206
4194,4155;8,43906
4195,3799;8,43179
4196,3442;8,4281
4197,3081;8,43429
4198,2725;8,45046
4199,2368;8,46879
4200,2012;8,47695
4201,1650;8,46486
4202,1294;8,43087
4203,0938;8,38308
4204,0581;8,33493
4205,0220;8,29764
4205,9863;8,2743
4206,9507;8,25886
4207,9150;8,24026
4208,8789;8,20864
4209,8433;8,1603
4210,8076;8,0989
4211,7720;8,03311
4212,7358;7,97228
4213,7002;7,92245
4214,6646;7,8843
4215,6289;7,85387
4216,5928;7,82532
4217,5571;7,79402
4218,5215;7,75824
4219,4858;7,71856
4220,4497;7,676
4221,4141;7,63092
4222,3784;7,58397
4223,3428;7,53823
4224,3066;7,50008
4225,2710;7,47679
4226,2354;7,47152
4227,1997;7,47937
4228,1636;7,48801
4229,1279;7,48369
4230,0923;7,45934
4231,0566;7,41939
4232,0205;7,37802
4232,9849;7,35171
4233,9492;7,35102
4234,9136;7,37633
4235,8774;7,4194
4236,8418;7,46874
4237,8062;7,51482
4238,7705;7,55263
4239,7344;7,58144
4240,6987;7,60344
4241,6631;7,62282
4242,6274;7,64516
4243,5913;7,67643
4244,5557;7,72076
4245,5200;7,77789
4246,4844;7,8421
4247,4482;7,90377
4248,4126;7,95351
4249,3770;7,98674
4250,3413;8,00607
4251,3052;8,02
4252,2695;8,03843
4253,2339;8,06744
4254,1982;8,10647
4255,1621;8,14928
4256,1265;8,18823
4257,0908;8,21903
4258,0552;8,2431
4259,0190;8,2662
4259,9834;8,29441
4260,9478;8,33012
4261,9121;8,3706
4262,8760;8,40968
4263,8403;8,44115
4264,8047;8,46145
4265,7690;8,47025
4266,7329;8,46902
4267,6973;8,4592
4268,6616;8,44165
4269,6260;8,41747
4270,5898;8,38935
4271,5542;8,36184
4272,5186;8,33994
4273,4829;8,32685
4274,4468;8,32236
4275,4111;8,32312
4276,3755;8,32428
4277,3398;8,32149
4278,3037;8,3117
4279,2681;8,29274
4280,2324;8,26282
4281,1968;8,22121
4282,1606;8,1701
4283,1250;8,11635
4284,0894;8,07078
4285,0537;8,0443
4286,0176;8,0424
4286,9819;8,06117
4287,9463;8,08779
4288,9106;8,10577
4289,8745;8,10226
4290,8389;8,07362
4291,8032;8,02627
4292,7676;7,97291
4293,7314;7,92654
4294,6958;7,89553
4295,6602;7,88168
4296,6245;7,88125
4297,5884;7,88759
4298,5527;7,89408
4299,5171;7,89614
4300,4814;7,89235
4301,4453;7,88422
4302,4097;7,87499
4303,3740;7,86785
4304,3384;7,86464
4305,3022;7,86575
4306,2666;7,8711
4307,2310;7,88111
4308,1953;7,89644
4309,1592;7,91627
4310,1235;7,93655
4311,0879;7,95009
4312,0522;7,94953
4313,0161;7,93175
4313,9805;7,9009
4314,9448;7,86756
4315,9092;7,84397
4316,8730;7,83808
4317,8374;7,84997
4318,8018;7,87268
4319,7661;7,89666
4320,7300;7,91497
4321,6943;7,92613
4322,6587;7,93339
4323,6230;7,94141
4324,5869;7,95282
4325,5513;7,96629
4326,5156;7,97702
4327,4800;7,97899
4328,4438;7,96784
4329,4082;7,94325
4330,3726;7,90982
4331,3369;7,87591
4332,3008;7,85067
4333,2651;7,84025
4334,2295;7,84509
4335,1938;7,85978
4336,1577;7,87571
4337,1221;7,8851
4338,0864;7,88414
4339,0508;7,87345
4340,0146;7,85603
4340,9790;7,83465
4341,9434;7,81033
4342,9077;7,78301
4343,8716;7,75307
4344,8359;7,72228
4345,8003;7,69331
4346,7646;7,66838
4347,7285;7,6484
4348,6929;7,63333
4349,6572;7,623
4350,6216;7,61739
4351,5859;7,61585
4352,5498;7,61608
4353,5142;7,61431
4354,4785;7,60709
4355,4429;7,59337
4356,4067;7,5753
4357,3711;7,55667
4358,3354;7,54059
4359,2998;7,52815
4360,2637;7,51941
4361,2280;7,51555
4362,1924;7,51967
4363,1567;7,53507
4364,1206;7,56172
4365,0850;7,59403
4366,0493;7,62222
4367,0137;7,63695
4367,9775;7,63451
4368,9419;7,61914
4369,9063;7,6012
4370,8706;7,59227
4371,8345;7,60029
4372,7988;7,62688
4373,7632;7,66768
4374,7275;7,71478
4375,6914;7,75992
4376,6558;7,79729
4377,6201;7,82539
4378,5845;7,84723
4379,5483;7,86876
4380,5127;7,89584
4381,4771;7,93121
4382,4414;7,97299
4383,4053;8,0157
4384,3696;8,05328
4385,3340;8,08224
4386,2983;8,10307
4387,2622;8,11913
4388,2266;8,13404
4389,1909;8,14929
4390,1553;8,16385
4391,1191;8,17563
4392,0835;8,18368
4393,0479;8,18935
4394,0122;8,19571
4394,9761;8,20549
4395,9404;8,21931
4396,9048;8,23524
4397,8691;8,25008
4398,8330;8,26145
4399,7974;8,26932
4400,7617;8,27601
4401,7261;8,28462
4402,6899;8,29665
4403,6543;8,31018
4404,6187;8,31956
4405,5830;8,3174
4406,5469;8,2983
4407,5112;8,2626
4408,4756;8,21777
4409,4399;8,17591
4410,4038;8,14785
4411,3682;8,137
4412,3325;8,13691
4413,2969;8,13448
4414,2607;8,11737
4415,2251;8,08072
4416,1895;8,02882
4417,1538;7,97066
4418,1177;7,91303
4419,0820;7,85652
4420,0464;7,79752
4421,0107;7,73438
4421,9746;7,67243
4422,9390;7,6232
4423,9033;7,59754
4424,8677;7,5973
4425,8315;7,61185
4426,7959;7,62212
4427,7603;7,61019
4428,7246;7,56826
4429,6885;7,50167
4430,6528;7,42473
4431,6172;7,35264
4432,5815;7,29459
4433,5454;7,25181
4434,5098;7,22018
4435,4741;7,1944
4436,4385;7,17087
4437,4023;7,14796
4438,3667;7,12498
4439,3311;7,10127
4440,2954;7,07616
4441,2593;7,0491
4442,2236;7,01944
4443,1880;6,98603
4444,1523;6,94759
4445,1162;6,9042
4446,0806;6,85892
4447,0449;6,81741
4448,0093;6,78502
4448,9731;6,76276
4449,9375;6,74547
4450,9019;6,72433
4451,8662;6,69254
4452,8301;6,65032
4453,7944;6,60521
4454,7588;6,56713
4455,7231;6,54168
4456,6870;6,52698
4457,6514;6,51631
4458,6157;6,50431
4459,5801;6,49154
4460,5439;6,4832
4461,5083;6,48299
4462,4727;6,48695
4463,4370;6,48278
4464,4009;6,45619
4465,3652;6,40038
4466,3296;6,32227
4467,2939;6,24097
4468,2578;6,17896
4469,2222;6,15125
4470,1865;6,15844
4471,1509;6,1872
4472,1147;6,21696
4473,0791;6,22895
4474,0435;6,21321
4475,0078;6,17113
4475,9717;6,11335
4476,9360;6,05482
4477,9004;6,00898
4478,8647;5,98298
4479,8286;5,97564
4480,7930;5,97875
4481,7573;5,98119
4482,7217;5,97407
4483,6855;5,95418
4484,6499;5,92417
4485,6143;5,8897
4486,5786;5,85573
4487,5425;5,82442
4488,5068;5,79574
4489,4712;5,76942
4490,4355;5,74612
4491,3994;5,72644
4492,3638;5,70865
4493,3281;5,6877
4494,2925;5,65717
4495,2568;5,61345
4496,2207;5,55918
4497,1851;5,50298
4498,1494;5,45527
4499,1138;5,42265
4500,0776;5,40482
4501,0420;5,39584
4502,0063;5,38862
4502,9707;5,37903
4503,9346;5,36696
4504,8989;5,35407
4505,8633;5,34067
4506,8276;5,32432
4507,7915;5,30103
4508,7559;5,26794
4509,7202;5,2252
4510,6846;5,17628
4511,6484;5,12661
4512,6128;5,08181
4513,5771;5,04607
4514,5415;5,02093
4515,5054;5,00454
4516,4697;4,99204
4517,4341;4,97724
4518,3984;4,95536
4519,3623;4,9251
4520,3267;4,88893
4521,2910;4,85114
4522,2554;4,81518
4523,2192;4,78208
4524,1836;4,75099
4525,1479;4,72074
4526,1123;4,69108
4527,0762;4,66251
4528,0405;4,63522
4529,0049;4,60851
4529,9692;4,58138
4530,9331;4,55359
4531,8975;4,52614
4532,8618;4,50032
4533,8262;4,47625
4534,7900;4,45216
4535,7544;4,42536
4536,7188;4,39436
4537,6831;4,36052
4538,6470;4,32792
4539,6113;4,30131
4540,5757;4,28339
4541,5400;4,27307
4542,5039;4,26613
4543,4683;4,25755
4544,4326;4,24427
4545,3970;4,22634
4546,3608;4,2057
4547,3252;4,1836
4548,2896;4,15853
4549,2539;4,12683
4550,2178;4,08571
4551,1821;4,03694
4552,1465;3,98794
4553,1108;3,94888
4554,0747;3,92699
4555,0391;3,92171
4556,0034;3,9241
4556,9678;3,9214
4557,9316;3,90399
4558,8960;3,87073
4559,8604;3,82934
4560,8247;3,7918
4561,7886;3,76752
4562,7529;3,75845
4563,7173;3,75846
4564,6816;3,7572
4565,6455;3,74588
4566,6099;3,72185
4567,5742;3,6894
4568,5386;3,65682
4569,5024;3,63144
4570,4668;3,61564
4571,4312;3,60618
4572,3955;3,59691
4573,3594;3,58331
4574,3237;3,56565
4575,2881;3,54872
4576,2524;3,53815
4577,2163;3,5355
4578,1807;3,53547
4579,1450;3,52747
4580,1094;3,50135
4581,0732;3,45452
4582,0376;3,39614
4583,0020;3,34514
4583,9663;3,32211
4584,9302;3,33848
4585,8945;3,38913
4586,8589;3,45286
4587,8232;3,50153
4588,7871;3,51288
4589,7515;3,48018
4590,7158;3,41351
4591,6802;3,33262
4592,6440;3,25678
4593,6084;3,19771
4594,5728;3,15882
4595,5371;3,13893
4596,5010;3,13599
4597,4653;3,14755
4598,4297;3,16852
4599,3940;3,18971
4600,3579;3,19988
4601,3223;3,1907
4602,2866;3,16121
4603,2510;3,11812
4604,2148;3,07179
4605,1792;3,03076
4606,1436;2,99862
4607,1079;2,97487
4608,0718;2,95772
4609,0361;2,94604
4610,0005;2,93883
4610,9648;2,93331
4611,9287;2,92446
4612,8931;2,90706
4613,8574;2,879
4614,8218;2,84324
4615,7856;2,80638
4616,7500;2,77491
4617,7144;2,75195
4618,6787;2,73663
4619,6426;2,72639
4620,6069;2,71952
4621,5713;2,71591
4622,5356;2,71533
4623,4995;2,7154
4624,4639;2,71137
4625,4282;2,6987
4626,3926;2,67661
4627,3564;2,6498
4628,3208;2,62658
4629,2852;2,61456
4630,2495;2,61639
4631,2134;2,62846
4632,1777;2,64297
4633,1421;2,65205
4634,1064;2,65117
4635,0703;2,64013
4636,0347;2,62166
4636,9990;2,59903
4637,9634;2,57434
4638,9272;2,5485
4639,8916;2,5225
4640,8560;2,49873
4641,8203;2,48107
4642,7842;2,47304
4643,7485;2,47518
4644,7129;2,48317
4645,6772;2,48849
4646,6411;2,4819
4647,6055;2,45793
4648,5698;2,418
4649,5342;2,37004
4650,4980;2,3248
4651,4624;2,29109
4652,4268;2,27258
4653,3911;2,26754
4654,3550;2,27103
4655,3193;2,27768
4656,2837;2,28383
4657,2480;2,2884
4658,2119;2,29297
4659,1763;2,30099
4660,1406;2,31596
4661,1050;2,33886
4662,0688;2,3661
4663,0332;2,38974
4663,9976;2,40088
4664,9619;2,3947
4665,9258;2,37399
4666,8901;2,3485
4667,8545;2,33025
4668,8188;2,32746
4669,7827;2,3409
4670,7471;2,36461
4671,7114;2,38967
4672,6758;2,40863
4673,6396;2,4179
4674,6040;2,41779
4675,5684;2,41109
4676,5327;2,40145
4677,4966;2,39213
4678,4609;2,38543
4679,4253;2,38261
4680,3896;2,38464
4681,3535;2,39305
4682,3179;2,41007
4683,2822;2,43725
4684,2466;2,47325
4685,2104;2,51274
4686,1748;2,5482
4687,1392;2,57413
4688,1035;2,59074
4689,0674;2,60396
4690,0317;2,62102
4690,9961;2,64474
4691,9604;2,6712
4692,9243;2,69321
4693,8887;2,70702
4694,8530;2,7167
4695,8174;2,732
4696,7813;2,7606
4697,7456;2,80042
4698,7100;2,83824
4699,6743;2,85629
4700,6382;2,84279
4701,6025;2,79926
4702,5669;2,73994
4703,5313;2,68412
4704,4951;2,64665
4705,4595;2,63226
4706,4238;2,63592
4707,3882;2,64713
4708,3521;2,65459
4709,3164;2,64917
4710,2808;2,62538
4711,2451;2,58259
4712,2090;2,52627
4713,1733;2,4676
4714,1377;2,4202
4715,1021;2,39444
4716,0659;2,39238
4717,0303;2,4068
4717,9946;2,42528
4718,9590;2,4372
4719,9229;2,43923
4720,8872;2,43588
4721,8516;2,43506
4722,8159;2,44179
4723,7798;2,45432
4724,7441;2,46508
4725,7085;2,46535
4726,6729;2,45063
4727,6367;2,42333
4728,6011;2,39143
4729,5654;2,36451
4730,5298;2,34969
4731,4937;2,34938
4732,4580;2,3616
4733,4224;2,38172
4734,3867;2,40423
4735,3506;2,42403
4736,3149;2,43717
4737,2793;2,44162
4738,2437;2,43811
4739,2075;2,43031
4740,1719;2,42393
4741,1362;2,42459
4742,1006;2,43559
4743,0645;2,45676
4744,0288;2,48509
4744,9932;2,51679
4745,9575;2,54925
4746,9214;2,58165
4747,8857;2,61386
4748,8501;2,64458
4749,8145;2,67036
4750,7783;2,68689
4751,7427;2,69224
4752,7070;2,69006
4753,6714;2,69034
4754,6353;2,70606
4755,5996;2,74703
4756,5640;2,81402
4757,5283;2,89715
4758,4922;2,97981
4759,4565;3,04635
4760,4209;3,08906
4761,3853;3,11029
4762,3491;3,11913
4763,3135;3,12533
4764,2778;3,13451
4765,2422;3,14739
4766,2061;3,16216
4767,1704;3,17745
4768,1348;3,19365
4769,0991;3,21229
4770,0630;3,23465
4771,0273;3,26073
4771,9917;3,28863
4772,9561;3,31415
4773,9199;3,33096
4774,8843;3,33256
4775,8486;3,31613
4776,8130;3,28659
4777,7769;3,25743
4778,7412;3,24596
4779,7056;3,26449
4780,6699;3,31266
4781,6338;3,37617
4782,5981;3,43342
4783,5625;3,46598
4784,5269;3,46675
4785,4907;3,44118
4786,4551;3,40221
4787,4194;3,36337
4788,3838;3,33437
4789,3477;3,3205
4790,3120;3,32372
4791,2764;3,34275
4792,2407;3,37191
4793,2046;3,40074
4794,1689;3,41669
4795,1333;3,41063
4796,0977;3,38226
4797,0615;3,34133
4798,0259;3,30347
4798,9902;3,28245
4799,9546;3,28346
4800,9185;3,30108
4801,8828;3,32277
4802,8472;3,33561
4803,8115;3,33225
4804,7754;3,31335
4805,7397;3,28583
4806,7041;3,25867
4807,6685;3,23879
4808,6323;3,22906
4809,5967;3,2285
4810,5610;3,23397
4811,5254;3,2417
4812,4893;3,24834
4813,4536;3,25151
4814,4180;3,25037
4815,3823;3,24622
4816,3462;3,24233
4817,3105;3,24244
4818,2749;3,2483
4819,2393;3,25784
4820,2031;3,26574
4821,1675;3,26652
4822,1318;3,25855
4823,0962;3,24583
4824,0601;3,23579
4825,0244;3,23409
4825,9888;3,23979
4826,9531;3,24477
4827,9170;3,23824
4828,8813;3,21384
4829,8457;3,17443
4830,8101;3,13121
4831,7739;3,09736
4832,7383;3,08036
4833,7026;3,07809
4834,6670;3,08121
4835,6309;3,07998
4836,5952;3,07083
4837,5596;3,05802
4838,5239;3,04967
4839,4878;3,05099
4840,4521;3,05973
4841,4165;3,06679
4842,3809;3,06172
4843,3447;3,0391
4844,3091;3,00171
4845,2734;2,95869
4846,2378;2,92019
4847,2017;2,8921
4848,1660;2,87401
4849,1304;2,86076
4850,0947;2,84633
4851,0586;2,82714
4852,0229;2,80346
4852,9873;2,77861
4853,9517;2,75684
4854,9155;2,7412
4855,8799;2,73218
4856,8442;2,72754
4857,8086;2,72355
4858,7725;2,71701
4859,7368;2,70713
4860,7012;2,69612
4861,6655;2,68738
4862,6294;2,68222
4863,5938;2,67689
4864,5581;2,6626
4865,5225;2,62942
4866,4863;2,57264
4867,4507;2,49792
4868,4150;2,42166
4869,3794;2,36538
4870,3433;2,34623
4871,3076;2,3685
4872,2720;2,42064
4873,2363;2,47968
4874,2002;2,52076
4875,1646;2,52696
4876,1289;2,49474
4877,0933;2,433
4878,0571;2,35748
4879,0215;2,28384
4879,9858;2,22289
4880,9502;2,17911
4881,9141;2,15152
4882,8784;2,13534
4883,8428;2,12354
4884,8071;2,10863
4885,7710;2,08525
4886,7354;2,05309
4887,6997;2,0184
4888,6641;1,9922
4889,6279;1,98505
4890,5923;2,00102
4891,5566;2,03441
4892,5210;2,07196
4893,4849;2,09925
4894,4492;2,10737
4895,4136;2,09542
4896,3779;2,06803
4897,3418;2,03075
4898,3062;1,98765
4899,2705;1,94297
4900,2349;1,90423
4901,1987;1,88224
4902,1631;1,88584
4903,1274;1,91422
4904,0918;1,95347
4905,0557;1,98174
4906,0200;1,9813
4906,9844;1,94979
4907,9487;1,90252
4908,9126;1,86346
4909,8770;1,85061
4910,8413;1,86553
4911,8057;1,89369
4912,7695;1,91466
4913,7339;1,91445
4914,6982;1,89227
4915,6626;1,85813
4916,6265;1,8247
4917,5908;1,79953
4918,5552;1,78216
4919,5195;1,76694
4920,4834;1,7483
4921,4478;1,72499
4922,4121;1,70094
4923,3765;1,68314
4924,3403;1,67823
4925,3047;1,68969
4926,2690;1,71695
4927,2334;1,75596
4928,1973;1,80053
4929,1616;1,84328
4930,1260;1,87609
4931,0903;1,89093
4932,0542;1,8819
4933,0186;1,84835
4933,9829;1,79726
4934,9473;1,74252
4935,9111;1,70035
4936,8755;1,68253
4937,8398;1,69131
4938,8042;1,71903
4939,7681;1,7527
4940,7324;1,78037
4941,6968;1,7954
4942,6611;1,79677
4943,6250;1,78663
4944,5894;1,76791
4945,5537;1,74385
4946,5181;1,71889
4947,4819;1,69889
4948,4463;1,68937
4949,4106;1,69273
4950,3750;1,70655
4951,3389;1,72491
4952,3032;1,74188
4953,2676;1,75475
4954,2319;1,76459
4955,1958;1,77376
4956,1602;1,78256
4957,1245;1,78811
4958,0889;1,78656
4959,0527;1,77741
4960,0171;1,76609
4960,9814;1,76205
4961,9458;1,77272
4962,9097;1,79713
4963,8740;1,82423
4964,8384;1,83835
4965,8027;1,82916
4966,7666;1,79966
4967,7310;1,76602
4968,6953;1,74847
4969,6597;1,75849
4970,6235;1,79105
4971,5879;1,82748
4972,5522;1,84729
4973,5166;1,84091
4974,4805;1,81454
4975,4448;1,78457
4976,4092;1,76614
4977,3735;1,76453
4978,3374;1,7748
4979,3018;1,78841
4980,2661;1,80048
4981,2305;1,8119
4982,1943;1,82566
4983,1587;1,84163
4984,1230;1,85497
4985,0874;1,85919
4986,0513;1,85086
4987,0156;1,8319
4987,9800;1,80801
4988,9443;1,78519
4989,9082;1,7677
4990,8726;1,75813
4991,8369;1,75801
4992,8013;1,76691
4993,7651;1,78046
4994,7295;1,79004
4995,6938;1,78638
4996,6582;1,76596
4997,6221;1,73559
4998,5864;1,71094
4999,5508;1,70851
5000,5151;1,73577

##### Extended Information
[Comments]
Sample name
Comment
Username
Division
Organization;MAPSI PHOTONICS

[Detailed Information]
Creation date;01/06/2023 16:53

Data array type;Linear data array
Horizontal axis;Wavenumber [cm-1]
Vertical axis;%T
Start;399,193 cm-1
End;5000,51 cm-1
Data interval;0,964233 cm-1
Data points;4773    

[Measurement Information]
Model name;FT/IR-4X1typeA
Serial No.;A018062111

Measurement date;01/06/2023 16:53

Light source;Standard
Detector;TGS
Accumulation;5
Resolution;4 cm-1
Zero filling;On
Apodization;Cosine
Gain;Auto (32)
Aperture;1.5 mm
Scan speed;Auto (2 mm/sec)
Filter;Auto (12800 Hz)

